description,price/TB,idle,noise
"Toshiba N300 NAS Systems 20TB, 24/7, 512e / 3.5 / SATA 6Gb/s, bulk - - - HDWG62AUZSVA - - - €338.68",16.93,4.41,20
"Toshiba Cloud-Scale Capacity MG10ACA 20TB, 24/7, 512e / 3.5 / SATA 6Gb/s - - - MG10ACA20TE - - - €346",17.3,4.38,20
"Seagate BarraCuda Compute 8TB, 512e / 3.5 / SATA 6Gb/s - - - ST8000DM004 / ST8000DMA04 - - - €139.45",17.43,3.4,23
"Toshiba Cloud-Scale Capacity MG09ACA 18TB, 24/7, 512e / 3.5 / SATA 6Gb/s - - - MG09ACA18TE - - - €318.62",17.7,4.16,20
"Toshiba Cloud-Scale Capacity MG10F AFA 22TB, 24/7, 512e/4Kn / 3.5 / SATA 6Gb/s - - - MG10AFA22TE - - - €392",17.82,4.35,20
"Toshiba Cloud-Scale Capacity MG09ACA 16TB, 24/7, 512e / 3.5 / SATA 6Gb/s - - - MG09ACA16TE - - - €290.77",18.17,4.16,20
"Toshiba N300 NAS Systems 22TB, 24/7, 512e / 3.5 / SATA 6Gb/s, bulk - - - HDWG62CUZSVA - - - €402.33",18.29,4.35,20
"Toshiba N300 NAS Systems 18TB, 24/7, 512e / 3.5 / SATA 6Gb/s, bulk - - - HDWG51JUZSVA - - - €333.38",18.52,4.14,20
"Toshiba Enterprise Capacity MG08ACA 16TB, 24/7, 512e / 3.5 / SATA 6Gb/s - - - MG08ACA16TE - - - €297.46",18.59,4,20
"Western Digital Ultrastar DC HC570 22TB, SE, 24/7, 512e / 3.5 / SATA 6Gb/s - - - WUH722222ALE6L4 / 0F48155 - - - €420.22",19.1,5.7,20
"Western Digital Ultrastar DC HC580 24TB, SE, 24/7, 512e / 3.5 / SATA 6Gb/s - - - WUH722424ALE6L4 / 0F62796 - - - €461.26",19.22,5.5,20
"Toshiba Cloud-Scale Capacity MG10SCA 20TB, 24/7, 512e / 3.5 / SAS 12Gb/s - - - MG10SCA20TE - - - €385.2",19.26,4.74,20
"Seagate Exos X - X22 20TB, 24/7, 512e/4Kn / 3.5 / SATA 6Gb/s - - - ST20000NM004E - - - €388.3",19.42,5.74,28
"Seagate Exos X - X22 22TB, 24/7, 512e/4Kn / 3.5 / SATA 6Gb/s - - - ST22000NM001E - - - €428.88",19.49,5.74,28
"Western Digital Ultrastar DC HC560 20TB, SE, 24/7, 512e / 3.5 / SATA 6Gb/s - - - WUH722020BLE6L4 / 0F38785 - - - €392.68",19.63,5.8,20
"Toshiba Cloud-Scale Capacity MG09SCA 18TB, 24/7, 512e / 3.5 / SAS 12Gb/s - - - MG09SCA18TE - - - €353.93",19.66,4.54,20
"Toshiba N300 NAS Systems 16TB, 24/7, 512e / 3.5 / SATA 6Gb/s, bulk - - - HDWG51GUZSVA - - - €315.91",19.74,4.14,20
"Western Digital Ultrastar DC HC550 16TB, SE, 24/7, 512e / 3.5 / SATA 6Gb/s - - - WUH721816ALE6L4 / 0F38462 - - - €317.87",19.87,5.6,20
"Seagate SkyHawk +Rescue 8TB, 24/7, 512e / 3.5 / SATA 6Gb/s - - - ST8000VX010 - - - €158.96",19.87,3.4,30
"Toshiba Cloud-Scale Capacity MG09SCA 16TB, 24/7, 512e / 3.5 / SAS 12Gb/s - - - MG09SCA16TE - - - €318.94",19.93,4.54,20
"Toshiba Cloud-Scale Capacity MG10F SFA 22TB, 24/7, 512e/4Kn / 3.5 / SAS 12Gb/s - - - MG10SFA22TE - - - €441.66",20.08,4.82,20
"Western Digital Ultrastar DC HC550 18TB, SE, 24/7, 512e / 3.5 / SATA 6Gb/s - - - WUH721818ALE6L4 / 0F38459 - - - €361.39",20.08,5.6,20
"Toshiba S300 Surveillance 6TB, 24/7, 512e / 3.5 / SATA 6Gb/s, bulk - - - HDWT860UZSVA - - - €120.55",20.09,2.81,24
"Toshiba Enterprise Capacity MG07ACA 14TB, 24/7, 512e / 3.5 / SATA 6Gb/s - - - MG07ACA14TE - - - €283.2",20.23,4.22,20
"Western Digital WD Purple 8TB, 24/7, 512e / 3.5 / SATA 6Gb/s - - - WD84PURZ - - - €162.18",20.27,5.5,25
"Western Digital Ultrastar DC HC590 24TB, SE, 24/7, 512e / 3.5 / SAS 12Gb/s - - - WUH722624AL5204 / 0F59373 - - - €487.04",20.29,5.9,25
"Toshiba N300 NAS Systems 14TB, 24/7, 512e / 3.5 / SATA 6Gb/s, bulk - - - HDWG51EUZSVA - - - €284.53",20.32,3.77,20
"Western Digital Ultrastar DC HC590 24TB, SE, 24/7, 512e / 3.5 / SATA 6Gb/s - - - WUH722624ALE6L4 / 0F65684 - - - €489.58",20.4,5.6,25
"Toshiba S300 Surveillance 4TB, 24/7, 512e / 3.5 / SATA 6Gb/s, bulk - - - HDWT840UZSVA - - - €81.61",20.4,2.33,22
"Western Digital Ultrastar DC HC570 22TB, SE, 24/7, 512e / 3.5 / SAS 12Gb/s - - - WUH722222AL5204 / 0F48052 - - - €449.99",20.45,6,20
"Western Digital Ultrastar DC HC590 26TB, SE, 24/7, 512e / 3.5 / SATA 6Gb/s - - - WUH722626ALE6L4 / 0F65672 - - - €532.67",20.49,5.6,25
"Western Digital Ultrastar DC HC580 22TB, SE, 24/7, 512e / 3.5 / SATA 6Gb/s - - - WUH722422ALE6L4 / 0F62785 - - - €450.75",20.49,5.5,20
"Seagate Exos X - X22 22TB, SED, 24/7, 512e/4Kn / 3.5 / SATA 6Gb/s - - - ST22000NM002E - - - €451.56",20.53,5.74,28
"Seagate Exos X - X22 22TB, 24/7, 512e/4Kn / 3.5 / SAS 12Gb/s - - - ST22000NM000E - - - €452.34",20.56,5.5,28
"Western Digital Ultrastar DC HC560 20TB, SE, 24/7, 512e / 3.5 / SAS 12Gb/s - - - WUH722020BL5204 / 0F38652 - - - €411.25",20.56,6.1,20
"Toshiba Cloud-Scale Capacity MG09ACA 14TB, 24/7, 512e / 3.5 / SATA 6Gb/s - - - MG09ACA14TE - - - €290.99",20.79,3.77,20
"Western Digital Ultrastar DC HC555 20TB, SE, 24/7, 512e / 3.5 / SATA 6Gb/s - - - WUH722020CLE6L4 / 0B48724 - - - €418.45",20.92,5.3,20
"Toshiba P300 Desktop PC 6TB, 512e / 3.5 / SATA 6Gb/s, bulk - - - HDWD260UZSVA / HDKPB00ZMA01 - - - €125.65",20.94,2.68,24
"Western Digital Ultrastar DC HC580 24TB, SE, 24/7, 512e / 3.5 / SAS 12Gb/s - - - WUH722424AL5204 / 0F62802 - - - €505.06",21.04,5.8,20
"Seagate Exos X - X22 22TB, SED, 24/7, 512e/4Kn / 3.5 / SAS 12Gb/s - - - ST22000NM004E - - - €466.87",21.22,5.5,28
"Western Digital Ultrastar DC HC555 16TB, SE, 24/7, 512e / 3.5 / SAS 12Gb/s - - - WUH722016CL52L4 / 0B47745 - - - €340.56",21.29,5.7,20
"Western Digital Ultrastar DC HC555 16TB, SE, 24/7, 512e / 3.5 / SATA 6Gb/s - - - WUH722016CLE6L4 / 0B48722 - - - €340.8",21.3,5.3,20
"Seagate IronWolf Pro NAS HDD +Rescue 22TB, 24/7, 512e / 3.5 / SATA 6Gb/s - - - ST22000NT001 - - - €468.98",21.32,6,20
"Western Digital Ultrastar DC HC530 14TB, SE, 24/7, 512e / 3.5 / SATA 6Gb/s - - - WUH721414ALE6L4 / 0F31284 - - - €299.35",21.38,5.5,20
"Western Digital Ultrastar DC HC590 26TB, SE, 24/7, 512e / 3.5 / SAS 12Gb/s - - - WUH722626AL5204 / 0F59375 - - - €557.63",21.45,5.9,25
"Toshiba P300 Desktop PC 4TB, 512e / 3.5 / SATA 6Gb/s, bulk - - - HDWD240UZSVA / HDKPB02ZMA01S - - - €85.9",21.48,2.32,22
"Western Digital Ultrastar DC HC550 18TB, SE, 24/7, 512e / 3.5 / SAS 12Gb/s - - - WUH721818AL5204 / 0F38353 - - - €386.8",21.49,5.8,20
"Western Digital Ultrastar DC HC555 20TB, SE, 24/7, 512e / 3.5 / SAS 12Gb/s - - - WUH722020CL52L4 / 0B47749 - - - €429.95",21.5,5.7,20
"Toshiba N300 NAS Systems 16TB, 24/7, 512e / 3.5 / SATA 6Gb/s, bulk - - - HDWG31GUZSVA - - - €344.99",21.56,4.03,20
"Western Digital Ultrastar DC HC550 16TB, SE, 24/7, 512e / 3.5 / SAS 12Gb/s - - - WUH721816AL5204 / 0F38357 - - - €346.94",21.68,5.8,20
"Seagate SkyHawk +Rescue 4TB, 24/7, 512e / 3.5 / SATA 6Gb/s - - - ST4000VX016 - - - €87.29",21.82,2.5,23
"Seagate IronWolf NAS HDD +Rescue 12TB, 24/7, 512e / 3.5 / SATA 6Gb/s - - - ST12000VN0008 - - - €262.36",21.86,5,28
"Toshiba N300 NAS Systems 12TB, 24/7, 512e / 3.5 / SATA 6Gb/s, bulk - - - HDWG51CUZSVA - - - €262.36",21.86,3.3,20
"Toshiba Enterprise Capacity MG08ACA 14TB, 24/7, 512e / 3.5 / SATA 6Gb/s - - - MG08ACA14TE - - - €306.12",21.87,4,20
"Toshiba Cloud-Scale Capacity MG09SCA 14TB, 24/7, 512e / 3.5 / SAS 12Gb/s - - - MG09SCA14TE - - - €306.14",21.87,4.25,20
"Seagate IronWolf Pro NAS HDD +Rescue 20TB, 24/7, 512e / 3.5 / SATA 6Gb/s - - - ST20000NT001 - - - €438.98",21.95,5.5,20
"Seagate IronWolf Pro NAS HDD +Rescue 16TB, 24/7, 512e / 3.5 / SATA 6Gb/s - - - ST16000NT001 - - - €352.92",22.06,5,20
"Toshiba Cloud-Scale Capacity MG09ACA 12TB, 24/7, 512e / 3.5 / SATA 6Gb/s - - - MG09ACA12TE - - - €265.21",22.1,3.3,20
"Western Digital WD Purple Pro 18TB, 24/7, 512e / 3.5 / SATA 6Gb/s - - - WD181PURP - - - €398.14",22.12,5.9,20
"Western Digital Ultrastar DC HC560 20TB, SED, 24/7, 512e / 3.5 / SATA 6Gb/s - - - WUH722020ALE6L1 / 0F38754 - - - €444.05",22.2,6.1,20
"Western Digital Ultrastar DC HC590 26TB, TCG, 24/7, 512e / 3.5 / SATA 6Gb/s - - - WUH722626ALE6L1 / 0F65650 - - - €577.58",22.21,5.6,25
"Toshiba Enterprise Capacity MG08-D ADA 8TB, 24/7, 512e / 3.5 / SATA 6Gb/s - - - MG08ADA800E - - - €177.76",22.22,5.61,31
"Western Digital Ultrastar DC HC550 16TB, ISE, 24/7, 512e / 3.5 / SATA 6Gb/s - - - WUH721816ALE6L0 / 0F38460 - - - €356.05",22.25,5.6,20
"Seagate IronWolf Pro NAS HDD +Rescue 24TB, 24/7, 512e / 3.5 / SATA 6Gb/s - - - ST24000NT002 - - - €535.51",22.31,6.3,20
"Seagate BarraCuda Compute 4TB, 512e / 3.5 / SATA 6Gb/s - - - ST4000DM004 / ST4000DMA04 - - - €89.34",22.34,2.5,22
"Toshiba Enterprise Capacity MG08SCA 16TB, 24/7, 512e / 3.5 / SAS 12Gb/s - - - MG08SCA16TE - - - €358.94",22.43,4.46,20
"Western Digital WD Purple 4TB, 24/7, 512e / 3.5 / SATA 6Gb/s - - - WD43PURZ - - - €90",22.5,4.3,23
"Toshiba N300 NAS Systems 4TB, 24/7, 512e / 3.5 / SATA 6Gb/s, bulk - - - HDWQ140UZSVA - - - €90",22.5,5.2,30
"Western Digital Ultrastar DC HC555 18TB, SE, 24/7, 512e / 3.5 / SATA 6Gb/s - - - WUH722018CLE6L4 / 0B48723 - - - €405.5",22.53,5.3,20
"Western Digital Ultrastar DC HC560 20TB, SED, 24/7, 512e / 3.5 / SAS 12Gb/s - - - WUH722020BL5201 / 0F38651 - - - €450.75",22.54,6.1,20
"Toshiba N300 NAS Systems 14TB, 24/7, 512e / 3.5 / SATA 6Gb/s, retail - - - HDWG51EEZSTA - - - €315.85",22.56,3.77,20
"Seagate IronWolf NAS HDD +Rescue 16TB, 24/7, 512e / 3.5 / SATA 6Gb/s - - - ST16000VN001 - - - €363",22.69,5.3,28
"Western Digital Ultrastar DC HC570 22TB, SED, 24/7, 512e / 3.5 / SAS 12Gb/s - - - WUH722222AL5201 / 0F48051 - - - €499.14",22.69,6,20
"Western Digital Ultrastar DC HC580 22TB, SE, 24/7, 512e / 3.5 / SAS 12Gb/s - - - WUH722422AL5204 / 0F62791 - - - €499.93",22.72,5.8,20
"Seagate SkyHawk +Rescue 4TB, 24/7, 512e / 3.5 / SATA 6Gb/s - - - ST4000VX013 - - - €91.24",22.81,2.5,26
"Toshiba N300 NAS Systems 12TB, 24/7, 512e / 3.5 / SATA 6Gb/s, retail - - - HDWG51CEZSTA - - - €274.29",22.86,3.3,20
"Western Digital WD Purple 6TB, 24/7, 512e / 3.5 / SATA 6Gb/s - - - WD64PURZ - - - €137.88",22.98,4.3,23
"Toshiba N300 NAS Systems 8TB, 24/7, 512e / 3.5 / SATA 6Gb/s, bulk - - - MN10ADA800S - - - €185.02",23.13,4.92,34
"Toshiba S300 Pro Surveillance 10TB, 24/7, 512e / 3.5 / SATA 6Gb/s, bulk - - - HDWT31AUZSVA - - - €231.32",23.13,7.15,34
"Toshiba N300 NAS Systems 12TB, 24/7, 512e / 3.5 / SATA 6Gb/s, retail - - - HDWG21CXZSTA / HDWG21CEZSTA - - - €278.32",23.19,3.78,20
"Toshiba Cloud-Scale Capacity MG09SCA 12TB, 24/7, 512e / 3.5 / SAS 12Gb/s - - - MG09SCA12TE - - - €278.32",23.19,3.76,20
"Toshiba N300 NAS Systems 8TB, 24/7, 512e / 3.5 / SATA 6Gb/s, bulk - - - HDWG480UZSVA - - - €185.82",23.23,5.61,31
"Toshiba Enterprise Capacity MG10-D ADA 8TB, 24/7, 512e/4Kn / 3.5 / SATA 6Gb/s - - - MG10ADA800E - - - €185.95",23.24,4.92,34
"Western Digital WD Gold 20TB, 24/7, 512e / 3.5 / SATA 6Gb/s - - - WD202KRYZ - - - €465.88",23.29,5.8,20
"Western Digital WD Red Pro 16TB, 24/7, 512e / 3.5 / SATA 6Gb/s - - - WD161KFGX - - - €373.11",23.32,3.6,20
"Western Digital WD Gold 16TB, 24/7, 512e / 3.5 / SATA 6Gb/s - - - WD161KRYZ - - - €373.16",23.32,5.6,20
"Western Digital WD Red Plus 12TB, 24/7, 512e / 3.5 / SATA 6Gb/s - - - WD120EFBX - - - €281.32",23.44,2.9,20
"Western Digital Ultrastar DC HC550 14TB, SE, 24/7, 512e / 3.5 / SAS 12Gb/s - - - WUH721814AL5204 / 0F38528 - - - €329.88",23.56,5.8,20
"Toshiba S300 Pro Surveillance 10TB, 24/7, 512e / 3.5 / SATA 6Gb/s, bulk - - - MD10ADA10TV - - - €235.74",23.57,5.74,34
"Western Digital Ultrastar DC HC555 18TB, SE, 24/7, 512e / 3.5 / SAS 12Gb/s - - - WUH722018CL52L4 / 0B47747 - - - €424.53",23.59,5.7,20
"Western Digital Ultrastar DC HC550 14TB, SE, 24/7, 512e / 3.5 / SATA 6Gb/s - - - WUH721814ALE6L4 / 0F38581 - - - €331.3",23.66,5.6,20
"Toshiba Enterprise Capacity MG07ACA 12TB, 24/7, 512e / 3.5 / SATA 6Gb/s - - - MG07ACA12TE - - - €284",23.67,3.93,20
"Toshiba N300 NAS Systems 8TB, 24/7, 512e / 3.5 / SATA 6Gb/s, retail - - - HDWG780EZSTA - - - €189.88",23.74,4.92,34
"Toshiba N300 NAS Systems 10TB, 24/7, 512e / 3.5 / SATA 6Gb/s, bulk - - - MN10ADA10TS - - - €238.52",23.85,5.74,34
"Toshiba N300 NAS Systems 14TB, 24/7, 512e / 3.5 / SATA 6Gb/s, bulk - - - HDWG21EUZSVA - - - €333.99",23.86,4.27,20
"Western Digital WD Gold 18TB, 24/7, 512e / 3.5 / SATA 6Gb/s - - - WD181KRYZ - - - €429.59",23.87,5.6,20
"Seagate IronWolf NAS HDD +Rescue 8TB, 24/7, 512e / 3.5 / SATA 6Gb/s - - - ST8000VN002 - - - €191",23.88,3.4,27
"Seagate IronWolf NAS HDD +Rescue 8TB, 24/7, 512e / 3.5 / SATA 6Gb/s - - - ST8000VN004 - - - €191.09",23.89,7.2,28
"Toshiba N300 NAS Systems 10TB, 24/7, 512e / 3.5 / SATA 6Gb/s, retail - - - HDWG71AEZSTA - - - €240.48",24.05,5.74,34
"Western Digital WD Gold 20TB, 24/7, 512e / 3.5 / SATA 6Gb/s - - - WD203KRYZ - - - €482.98",24.15,5.3,20
"Western Digital WD Blue 8TB, 512e / 3.5 / SATA 6Gb/s - - - WD80EAAZ - - - €194.42",24.3,3.4,24
"Seagate IronWolf Pro NAS HDD +Rescue 18TB, 24/7, 512e / 3.5 / SATA 6Gb/s - - - ST18000NT001 - - - €438.56",24.36,5.2,20
"Seagate IronWolf Pro NAS HDD +Rescue 12TB, 24/7, 512e / 3.5 / SATA 6Gb/s - - - ST12000NT001 - - - €293.59",24.47,5,20
"Western Digital WD Gold 14TB, 24/7, 512e / 3.5 / SATA 6Gb/s - - - WD142KRYZ - - - €342.6",24.47,5.6,20
"Western Digital WD Red Plus 8TB, 24/7, 512e / 3.5 / SATA 6Gb/s - - - WD80EFPX - - - €195.9",24.49,3.4,24
"Seagate BarraCuda Compute 6TB, 512e / 3.5 / SATA 6Gb/s - - - ST6000DM003 / ST6000DMA03 - - - €147",24.5,3.4,23
"Western Digital WD Purple 8TB, 24/7, 512e / 3.5 / SATA 6Gb/s - - - WD85PURZ - - - €196.07",24.51,4.7,24
"Toshiba Enterprise Capacity MG10-D ADA 10TB, 24/7, 512e/4Kn / 3.5 / SATA 6Gb/s - - - MG10ADA10TE - - - €246.04",24.6,5.74,34
"Seagate IronWolf NAS HDD +Rescue 6TB, 24/7, 512e / 3.5 / SATA 6Gb/s - - - ST6000VN006 - - - €148.9",24.82,3.4,26
"Seagate IronWolf NAS HDD +Rescue 10TB, 24/7, 512e / 3.5 / SATA 6Gb/s - - - ST10000VN000 - - - €249",24.9,7.8,28
"Western Digital WD Red Pro 18TB, 24/7, 512e / 3.5 / SATA 6Gb/s - - - WD181KFGX - - - €448.98",24.94,3.6,20
"Seagate IronWolf Pro NAS HDD +Rescue 14TB, 24/7, 512e / 3.5 / SATA 6Gb/s - - - ST14000NE0008 - - - €349.75",24.98,5,20
"Western Digital Ultrastar DC HC560 20TB, SE, 24/7, 512e / 3.5 / SATA 6Gb/s - - - WUH722020ALE6L4 / 0F38755 - - - €499.9",25,6.1,20
"Western Digital Ultrastar DC HC555 14TB, SE, 24/7, 512e / 3.5 / SAS 12Gb/s - - - WUH722014CL52L4 / 0B47743 - - - €350.69",25.05,5.7,20
"Western Digital WD Red Pro 24TB, 24/7, 512e / 3.5 / SATA 6Gb/s - - - WD240KFGX - - - €606.05",25.25,3.9,20
"Western Digital WD Purple Pro 12TB, 24/7, 512e / 3.5 / SATA 6Gb/s - - - WD121PURP - - - €303.49",25.29,5.6,20
"Western Digital Ultrastar DC HC330 10TB, SE, 24/7, 512e / 3.5 / SATA 6Gb/s - - - WUS721010ALE6L4 / 0B42266 - - - €253.62",25.36,8,34
"Western Digital Ultrastar DC HC320 8TB, SE, 24/7, 512e / 3.5 / SATA 6Gb/s - - - HUS728T8TALE6L4 / 0B36404 / 0B36452 - - - €204.23",25.53,7.4,29
"Toshiba N300 NAS Systems 12TB, 24/7, 512e / 3.5 / SATA 6Gb/s, bulk - - - HDWG21CUZSVA - - - €306.99",25.58,3.78,20
"Toshiba Enterprise Capacity MG10-D SDA 10TB, 24/7, 512e/4Kn / 3.5 / SAS 12Gb/s - - - MG10SDA10TE - - - €256.4",25.64,6.15,34
"Toshiba S300 Pro Surveillance 8TB, 24/7, 512e / 3.5 / SATA 6Gb/s, bulk - - - MD10ADA800V - - - €205.16",25.65,4.92,34
"Western Digital WD Purple Pro 22TB, 24/7, 512e / 3.5 / SATA 6Gb/s - - - WD221PURP - - - €564.96",25.68,5.6,20
"Western Digital WD Red Plus 10TB, 24/7, 512e / 3.5 / SATA 6Gb/s - - - WD101EFBX - - - €257.14",25.71,4.6,34
"Western Digital Ultrastar DC HC520 12TB, SE, 24/7, 512e / 3.5 / SATA 6Gb/s - - - HUH721212ALE604 / 0F30146 - - - €309.67",25.81,5.3,20
"Western Digital WD Red Pro 22TB, 24/7, 512e / 3.5 / SATA 6Gb/s - - - WD221KFGX - - - €568.94",25.86,3.4,20
"Toshiba N300 NAS Systems 6TB, 24/7, 512e / 3.5 / SATA 6Gb/s, bulk - - - MN10ADA600S - - - €155.36",25.89,4.14,34
"Western Digital Ultrastar DC HC555 14TB, SE, 24/7, 512e / 3.5 / SATA 6Gb/s - - - WUH722014CLE6L4 / 0B48721 - - - €362.71",25.91,5.3,20
"Seagate IronWolf Pro NAS HDD +Rescue 20TB, 24/7, 512e / 3.5 / SATA 6Gb/s - - - ST20000NE000 - - - €519.89",25.99,5.5,20
"Western Digital WD Gold 22TB, 24/7, 512e / 3.5 / SATA 6Gb/s - - - WD221KRYZ - - - €572.09",26,5.7,20
"Seagate SkyHawk AI +Rescue 10TB, 24/7, 512e / 3.5 / SATA 6Gb/s - - - ST10000VE001 - - - €260.41",26.04,7.76,28
"Seagate IronWolf NAS HDD +Rescue 4TB, 24/7, 512e / 3.5 / SATA 6Gb/s - - - ST4000VN006 - - - €104.5",26.13,3.96,23
"Western Digital WD Blue 4TB, 512e / 3.5 / SATA 6Gb/s - - - WD40EZAX - - - €104.7",26.18,3.1,23
"Seagate IronWolf Pro NAS HDD +Rescue 8TB, 24/7, 512e / 3.5 / SATA 6Gb/s - - - ST8000NT001 - - - €209.68",26.21,7.8,28
"Western Digital Ultrastar DC HA340 12TB, SE, 24/7, 512e / 3.5 / SATA 6Gb/s - - - WUS721212BLE6L4 / 0B47063 - - - €314.6",26.22,8.4,34
"Western Digital WD Red Pro 8TB, 24/7, 512e / 3.5 / SATA 6Gb/s - - - WD8003FFBX - - - €209.75",26.22,4.6,29
"Toshiba N300 NAS Systems 6TB, 24/7, 512e / 3.5 / SATA 6Gb/s, retail - - - HDWG760EZSTA - - - €157.96",26.33,4.14,34
"Western Digital Ultrastar DC HA340 10TB, SE, 24/7, 512e / 3.5 / SATA 6Gb/s - - - WUS721210BLE6L4 / 0B47062 - - - €263.65",26.37,8.4,34
"Western Digital WD Red Pro 20TB, 24/7, 512e / 3.5 / SATA 6Gb/s - - - WD201KFGX - - - €527.77",26.39,3.8,20
"Western Digital WD Red Plus 6TB, 24/7, 512e / 3.5 / SATA 6Gb/s - - - WD60EFPX - - - €158.88",26.48,3.1,23
"Western Digital WD Purple Pro 10TB, 24/7, 512e / 3.5 / SATA 6Gb/s - - - WD101PURP - - - €265.59",26.56,8,34
"Western Digital WD Gold 10TB, 24/7, 512e / 3.5 / SATA 6Gb/s - - - WD103KRYZ - - - €266.8",26.68,8.3,34
"Western Digital Ultrastar DC HC330 10TB, TCG, 24/7, 512e / 3.5 / SATA 6Gb/s - - - WUS721010ALE6L1 / 0B42270 - - - €267.2",26.72,8,34
"Western Digital WD Red Pro 12TB, 24/7, 512e / 3.5 / SATA 6Gb/s - - - WD122KFBX - - - €320.67",26.72,6.1,34
"Western Digital WD Gold 26TB, 24/7, 512e / 3.5 / SATA 6Gb/s - - - WD261KRYZ - - - €695.05",26.73,5.5,20
"Western Digital WD Gold 12TB, 24/7, 512e / 3.5 / SATA 6Gb/s - - - WD122KRYZ - - - €321.36",26.78,8.4,34
"Western Digital WD Red Pro 14TB, 24/7, 512e / 3.5 / SATA 6Gb/s - - - WD142KFGX - - - €376.85",26.92,3.6,20
"Western Digital WD Purple Pro 12TB, 24/7, 512e / 3.5 / SATA 6Gb/s - - - WD122PURP - - - €323.08",26.92,8.2,34
"Toshiba S300 Pro Surveillance 8TB, 24/7, 512e / 3.5 / SATA 6Gb/s, bulk - - - HDWT380UZSVA - - - €215.99",27,6.33,34
"Seagate SkyHawk +Rescue 6TB, 24/7, 512e / 3.5 / SATA 6Gb/s - - - ST6000VX001 - - - €162.13",27.02,3.4,25
"Western Digital WD Blue 6TB, 512e / 3.5 / SATA 6Gb/s - - - WD60EZAX - - - €163.34",27.22,3.1,23
"Western Digital WD Gold 24TB, 24/7, 512e / 3.5 / SATA 6Gb/s - - - WD241KRYZ - - - €654.34",27.26,5.5,20
"Western Digital Ultrastar DC HC520 12TB, ISE, 24/7, 512e / 3.5 / SATA 6Gb/s - - - HUH721212ALE600 / 0F30144 - - - €328.68",27.39,5.3,20
"Western Digital WD Purple 6TB, 24/7, 512e / 3.5 / SATA 6Gb/s - - - WD62PURZ - - - €164.94",27.49,5.5,25
"Western Digital Ultrastar DC HC330 10TB, SE, 24/7, 512e / 3.5 / SAS 12Gb/s - - - WUS721010AL5204 / 0B42258 - - - €274.91",27.49,9,34
"Seagate SkyHawk +Rescue 2TB, 24/7, 512e / 3.5 / SATA 6Gb/s - - - ST2000VX017 - - - €55.04",27.52,2.5,26
"Western Digital WD Gold 24TB, 24/7, 512e / 3.5 / SATA 6Gb/s - - - WD242KRYZ - - - €660.59",27.52,5.6,20
"Toshiba N300 NAS Systems 4TB, 24/7, 512e / 3.5 / SATA 6Gb/s, bulk - - - MN10ADA400ES - - - €110.42",27.61,3.49,34
"Western Digital WD Purple Pro 10TB, 24/7, 512e / 3.5 / SATA 6Gb/s - - - WD102PURP - - - €276.43",27.64,8.2,34
"Western Digital WD Purple Pro 24TB, 24/7, 512e / 3.5 / SATA 6Gb/s - - - WD240PURP - - - €665",27.71,5.9,20
"Seagate IronWolf Pro NAS HDD +Rescue 10TB, 24/7, 512e / 3.5 / SATA 6Gb/s - - - ST10000NT001 - - - €277.31",27.73,7.8,28
"Seagate IronWolf Pro NAS HDD +Rescue 12TB, 24/7, 512e / 3.5 / SATA 6Gb/s - - - ST12000NE0008 - - - €332.9",27.74,5,20
"Seagate Constellation ES.3 4TB, 24/7, 512n / 3.5 / SATA 6Gb/s - - - ST4000NM0033 - - - €111",27.75,6.73,28
"Western Digital Ultrastar DC HC520 12TB, ISE, 24/7, 512e / 3.5 / SATA 6Gb/s - - - HUH721212ALE600 / 0F29590 - - - €333.03",27.75,5.3,20
"Western Digital Ultrastar DC HC520 12TB, SE, 24/7, 4Kn / 3.5 / SATA 6Gb/s - - - HUH721212ALN604 / 0F30143 - - - €333.03",27.75,5.3,20
"Western Digital WD Gold 12TB, 24/7, 512e / 3.5 / SATA 6Gb/s - - - WD121KRYZ - - - €333.73",27.81,5,20
"Toshiba Enterprise Capacity MG06ACA 10TB, 24/7, 512e / 3.5 / SATA 6Gb/s - - - MG06ACA10TE - - - €278.28",27.83,7.3,34
"Toshiba N300 NAS Systems 6TB, 24/7, 512e / 3.5 / SATA 6Gb/s, bulk - - - HDWG460UZSVA - - - €167.11",27.85,4.93,31
"Western Digital Ultrastar DC HC320 8TB, SE, 24/7, 4Kn / 3.5 / SAS 12Gb/s - - - HUS728T8TAL4204 / 0B36399 - - - €223.28",27.91,8.4,29
"Western Digital WD Red Plus 4TB, 24/7, 512e / 3.5 / SATA 6Gb/s - - - WD40EFPX - - - €111.88",27.97,3.1,23
"Western Digital WD Red Pro 12TB, 24/7, 512e / 3.5 / SATA 6Gb/s - - - WD121KFBX - - - €335.8",27.98,2.8,20
"Western Digital WD Purple Pro 8TB, 24/7, 512e / 3.5 / SATA 6Gb/s - - - WD8002PURP - - - €223.89",27.99,6.5,29
"Western Digital WD Gold 10TB, 24/7, 512e / 3.5 / SATA 6Gb/s - - - WD102KRYZ - - - €280.49",28.05,8,34
"Seagate IronWolf Pro NAS HDD +Rescue 16TB, 24/7, 512e / 3.5 / SATA 6Gb/s - - - ST16000NE000 - - - €448.82",28.05,5,20
"Western Digital WD Purple 6TB, 24/7, 512e / 3.5 / SATA 6Gb/s - - - WD63PURZ - - - €168.38",28.06,3.7,23
"Western Digital WD Red Pro 8TB, 24/7, 512e / 3.5 / SATA 6Gb/s - - - WD8005FFBX - - - €225",28.13,4.9,29
"Western Digital Ultrastar DC HC555 12TB, SE, 24/7, 512e / 3.5 / SAS 12Gb/s - - - WUH722012CL52L4 / 0B47741 - - - €337.79",28.15,5.4,20
"Toshiba Enterprise Capacity MG08-D ADA 6TB, 24/7, 512e / 3.5 / SATA 6Gb/s - - - MG08ADA600E - - - €168.98",28.16,4.9,31
"Western Digital WD Purple 6TB, 24/7, 512e / 3.5 / SATA 6Gb/s - - - WD60PURZ - - - €169.03",28.17,4.9,25
"Toshiba X300 Performance 14TB, 512e / 3.5 / SATA 6Gb/s, bulk - - - HDWR51EUZSVA - - - €395.28",28.23,3.77,20
"Western Digital WD Gold 8TB, 24/7, 512e / 3.5 / SATA 6Gb/s - - - WD8005FRYZ - - - €227.8",28.48,6.5,29
"Western Digital WD Purple 4TB, 24/7, 512e / 3.5 / SATA 6Gb/s - - - WD42PURZ - - - €114.1",28.53,3.7,23
"Western Digital Ultrastar DC HC520 12TB, SE, 24/7, 512e / 3.5 / SAS 12Gb/s - - - HUH721212AL5204 / 0F29532 - - - €342.72",28.56,6.1,20
"Toshiba P300 Desktop PC 2TB, 512e / 3.5 / SATA 6Gb/s, bulk - - - HDWD220UZSVA - - - €57.13",28.57,2.11,21
"Western Digital Ultrastar DC HC530 14TB, SE, 24/7, 4Kn / 3.5 / SAS 12Gb/s - - - WUH721414AL4204 / 0F31002 - - - €399.95",28.57,5.9,20
"Toshiba P300 Desktop PC 2TB, 512e / 3.5 / SATA 6Gb/s, bulk - - - HDWD320UZSVA - - - €57.17",28.59,2.92,25
"Toshiba N300 NAS Systems 4TB, 24/7, 512e / 3.5 / SATA 6Gb/s, retail - - - HDWG740EZSTC - - - €114.94",28.74,3.49,34
"Western Digital WD Red Pro 10TB, 24/7, 512e / 3.5 / SATA 6Gb/s - - - WD103KFBX - - - €289.73",28.97,6.1,34
"Western Digital WD Gold 14TB, 24/7, 512e / 3.5 / SATA 6Gb/s - - - WD141KRYZ - - - €407.86",29.13,5.5,20
"Seagate BarraCuda Compute 2TB, 512e / 3.5 / SATA 6Gb/s - - - ST2000DM008 / ST2000DMA08 - - - €58.45",29.23,3.9,29
"Western Digital WD Purple 10TB, 24/7, 512e / 3.5 / SATA 6Gb/s - - - WD102PURZ - - - €292.45",29.25,8,34
"Western Digital Ultrastar DC HC520 12TB, ISE, 24/7, 4Kn / 3.5 / SATA 6Gb/s - - - HUH721212ALN600 / 0F30141 - - - €351.91",29.33,5.3,20
"Western Digital Ultrastar DC HC320 8TB, SE, 24/7, 4Kn / 3.5 / SATA 6Gb/s - - - HUS728T8TALN6L4 / 0B36402 - - - €234.76",29.35,7.4,29
"Western Digital WD Blue 2TB, 512e / 3.5 / SATA 6Gb/s - - - WD20EZBX - - - €59.03",29.52,3.7,25
"Western Digital Ultrastar DC HC520 12TB, ISE, 24/7, 512e / 3.5 / SAS 12Gb/s - - - HUH721212AL5200 / 0F29530 - - - €356.53",29.71,6.1,20
"Seagate BarraCuda Compute 5TB, 512e / 2.5 / SATA 6Gb/s - - - ST5000LM000 / ST5000LMA00 - - - €148.88",29.78,1.1,26
"Toshiba S300 Surveillance 2TB, 24/7, 512e / 3.5 / SATA 6Gb/s, bulk - - - HDWT720UZSVA - - - €59.63",29.82,2.08,21
"Western Digital WD Blue 4TB, 512e / 3.5 / SATA 6Gb/s - - - WD40EZAZ - - - €119.99",30,3.1,23
"Western Digital Ultrastar DC HC320 8TB, SE, 24/7, 512e / 3.5 / SAS 12Gb/s - - - HUS728T8TAL5204 / 0B36400 - - - €241.12",30.14,8.4,29
"Western Digital Ultrastar DC HC320 8TB, TCG, 24/7, 512e / 3.5 / SATA 6Gb/s - - - HUS728T8TALE6L1 / 0B36410 - - - €241.12",30.14,7.4,29
"Seagate BarraCuda Compute 3TB, 512e / 3.5 / SATA 6Gb/s - - - ST3000DM007 / ST3000DMA07 - - - €91",30.33,2.5,22
"Western Digital Ultrastar DC HA340 8TB, SE, 24/7, 512e / 3.5 / SATA 6Gb/s - - - WUS721208BLE6L4 / 0B47078 - - - €243.74",30.47,6.7,29
"Toshiba S300 Pro Surveillance 6TB, 24/7, 512e / 3.5 / SATA 6Gb/s, bulk - - - HDWT360UZSVA - - - €183.08",30.51,5.59,34
"Toshiba X300 Performance 18TB, 512e / 3.5 / SATA 6Gb/s, bulk - - - HDWR51JUZSVA - - - €549.9",30.55,4.14,20
"Seagate IronWolf Pro NAS HDD +Rescue 18TB, 24/7, 512e / 3.5 / SATA 6Gb/s - - - ST18000NE000 - - - €549.95",30.55,5.2,20
"Western Digital WD Purple 3TB, 24/7, 512e / 3.5 / SATA 6Gb/s - - - WD33PURZ - - - €91.9",30.63,3.7,23
"Seagate FireCuda HDD +Rescue 8TB, 24/7, 512e / 3.5 / SATA 6Gb/s - - - ST8000DX001 / ST8000DXA01 - - - €245.95",30.74,6.1,28
"Seagate SkyHawk +Rescue 3TB, 24/7, 512e / 3.5 / SATA 6Gb/s - - - ST3000VX015 - - - €92.38",30.79,2.5,23
"Western Digital WD Red Plus 8TB, 24/7, 512e / 3.5 / SATA 6Gb/s - - - WD80EFZZ - - - €246.98",30.87,4.1,25
"Western Digital WD Purple 4TB, 24/7, 512e / 3.5 / SATA 6Gb/s - - - WD40PURX - - - €125.05",31.26,4.5,26
"Seagate IronWolf NAS HDD +Rescue 14TB, 24/7, 512e / 3.5 / SATA 6Gb/s - - - ST14000VN0008 - - - €437.95",31.28,5.3,28
"Toshiba X300 Performance 12TB, 512e / 3.5 / SATA 6Gb/s, bulk - - - HDWR21CUZSVA - - - €376.41",31.37,4.54,20
"Toshiba N300 NAS Systems 4TB, 24/7, 512e / 3.5 / SATA 6Gb/s, bulk - - - HDWG440UZSVA - - - €125.57",31.39,4.04,31
"Western Digital WD Blue 2TB, 512e / 3.5 / SATA 6Gb/s - - - WD20EARZ - - - €63.46",31.73,2.4,21
"Seagate Surveillance HDD 6TB, 24/7, 512e / 3.5 / SATA 6Gb/s - - - ST6000VX0001 - - - €190.89",31.82,6.7,28
"Seagate IronWolf Pro NAS HDD +Rescue 4TB, 24/7, 512e / 3.5 / SATA 6Gb/s - - - ST4000NE001 - - - €128.9",32.23,5.5,27
"Western Digital WD Red Pro 4TB, 24/7, 512e / 3.5 / SATA 6Gb/s - - - WD4005FFBX - - - €129.98",32.5,4,29
"Western Digital WD Purple 8TB, 24/7, 512e / 3.5 / SATA 6Gb/s - - - WD82PURZ - - - €260.01",32.5,7.4,27
"Seagate BarraCuda Compute 4TB, 512e / 2.5 / SATA 6Gb/s - - - ST4000LM024 / ST4000LMA24 - - - €130.08",32.52,1.1,26
"Western Digital WD Red Plus Retail Kit 4TB, 24/7, 512e / 3.5 / SATA 6Gb/s, retail - - - WDBC9V0040HH1 - - - €130.14",32.54,3.1,23
"Seagate IronWolf Pro NAS HDD +Rescue 10TB, 24/7, 512e / 3.5 / SATA 6Gb/s - - - ST10000NE0008 - - - €328.1",32.81,5,28
"Seagate IronWolf Pro NAS HDD +Rescue 6TB, 24/7, 512e / 3.5 / SATA 6Gb/s - - - ST6000NT001 - - - €197",32.83,7.1,28
"Western Digital Ultrastar DC HC310 6TB, SE, 24/7, 512e / 3.5 / SATA 6Gb/s - - - HUS726T6TALE6L4 / 0B36039 - - - €197.66",32.94,5.9,29
"Seagate BarraCuda Pro +Rescue 10TB, 24/7, 512e / 3.5 / SATA 6Gb/s - - - ST10000DM0004 / ST10000DMA004 - - - €329.95",33,5,30
"Western Digital WD Red Plus Retail Kit 4TB, 24/7, 512e / 3.5 / SATA 6Gb/s, retail - - - WDBAVV0040HNC - - - €132.24",33.06,3.3,25
"Toshiba Enterprise Capacity MG10-D ADA 6TB, 24/7, 512e/4Kn / 3.5 / SATA 6Gb/s - - - MG10ADA600E - - - €198.49",33.08,4.14,34
"Western Digital WD Red Pro 26TB, 24/7, 512e / 3.5 / SATA 6Gb/s - - - WD260KFGX - - - €866.99",33.35,3.9,25
"Western Digital WD Red Pro 10TB, 24/7, 512e / 3.5 / SATA 6Gb/s - - - WD102KFBX - - - €333.95",33.4,4.6,34
"Western Digital WD Red Plus 4TB, 24/7, 512e / 3.5 / SATA 6Gb/s - - - WD40EFZX - - - €133.59",33.4,3.1,23
"Western Digital WD Purple 2TB, 24/7, 512e / 3.5 / SATA 6Gb/s - - - WD23PURZ - - - €67.06",33.53,3.2,21
"Western Digital WD Red Pro 6TB, 24/7, 512e / 3.5 / SATA 6Gb/s - - - WD6005FFBX - - - €202.67",33.78,4.9,29
"Western Digital WD Gold 6TB, 24/7, 512e / 3.5 / SATA 6Gb/s - - - WD6004FRYZ - - - €203.35",33.89,5.5,29
"Seagate IronWolf NAS HDD 10TB, 24/7, 512e / 3.5 / SATA 6Gb/s - - - ST10000VN0004 - - - €339.75",33.98,5,28
"Seagate IronWolf Pro NAS HDD +Rescue 4TB, 24/7, 512e / 3.5 / SATA 6Gb/s - - - ST4000NT001 - - - €135.91",33.98,5.5,27
"Seagate IronWolf Pro NAS HDD +Rescue 8TB, 24/7, 512e / 3.5 / SATA 6Gb/s - - - ST8000NE001 - - - €275.75",34.47,7.8,28
"Western Digital WD Purple Pro 8TB, 24/7, 512e / 3.5 / SATA 6Gb/s - - - WD8001PURP - - - €276",34.5,7.4,27
"Toshiba Enterprise Capacity MG08-D SDA 6TB, 24/7, 512e / 3.5 / SAS 12Gb/s - - - MG08SDA600E - - - €207.97",34.66,5.39,31
"Western Digital WD Purple 4TB, 24/7, 512e / 3.5 / SATA 6Gb/s - - - WD40PURZ - - - €139",34.75,4.5,26
"Western Digital Ultrastar DC HC310 6TB, SE, 24/7, 512e / 3.5 / SAS 12Gb/s - - - HUS726T6TAL5204 / 0B36047 - - - €209.76",34.96,7,29
"Seagate IronWolf NAS HDD 8TB, 24/7, 512e / 3.5 / SATA 6Gb/s - - - ST8000VN0022 - - - €280.61",35.08,7.2,27
"Toshiba Enterprise Capacity MG10-D SDA 6TB, 24/7, 512e/4Kn / 3.5 / SAS 12Gb/s - - - MG10SDA600E - - - €210.75",35.13,4.55,34
"Western Digital Ultrastar DC HA340 6TB, SE, 24/7, 512e / 3.5 / SATA 6Gb/s - - - WUS721206BLE6L4 / 0B47077 - - - €211.48",35.25,5.8,29
"Toshiba Enterprise Capacity MG05ACA 8TB, 24/7, 512e / 3.5 / SATA 6Gb/s - - - MG05ACA800E - - - €283.46",35.43,6.2,31
"Western Digital WD Red Plus 8TB, 24/7, 512e / 3.5 / SATA 6Gb/s - - - WD80EFBX - - - €283.88",35.49,5.3,27
"Seagate SkyHawk AI 16TB, 24/7, 512e / 3.5 / SATA 6Gb/s - - - ST16000VE000 - - - €569.95",35.62,5.1,18
"Seagate SkyHawk AI 6TB, 24/7, 512e / 3.5 / SATA 6Gb/s - - - ST6000VE000 - - - €214.09",35.68,7.5,30
"Western Digital Ultrastar DC HC310 6TB, SE, 24/7, 4Kn / 3.5 / SATA 6Gb/s - - - HUS726T6TALN6L4 / 0B35946 - - - €214.91",35.82,5.9,29
"Toshiba Enterprise Capacity MG07SCA 12TB, 24/7, 4Kn / 3.5 / SAS 12Gb/s - - - MG07SCA12TA - - - €429.95",35.83,4.36,20
"Seagate IronWolf NAS HDD +Rescue 3TB, 24/7, 512e / 3.5 / SATA 6Gb/s - - - ST3000VN006 - - - €107.74",35.91,3.96,23
"Seagate SkyHawk +Rescue 2TB, 24/7, 512e / 3.5 / SATA 6Gb/s - - - ST2000VX015 - - - €71.91",35.96,2.5,26
"Seagate IronWolf Pro NAS HDD +Rescue 6TB, 24/7, 512e / 3.5 / SATA 6Gb/s - - - ST6000NE000 - - - €217.75",36.29,7.1,28
"Western Digital WD Purple 6TB, 24/7, 512e / 3.5 / SATA 6Gb/s - - - WD60PURX - - - €219",36.5,4.9,25
"Western Digital WD Red Pro 6TB, 24/7, 512e / 3.5 / SATA 6Gb/s - - - WD6003FFBX - - - €220.5",36.75,3.7,29
"Western Digital WD Blue 3TB, 512e / 3.5 / SATA 6Gb/s - - - WD30EZAX - - - €110.3",36.77,3.1,23
"Western Digital Ultrastar DC HC510 10TB, ISE, 24/7, 512e / 3.5 / SATA 6Gb/s - - - HUH721010ALE600 / 0F27452 - - - €369.75",36.98,5,20
"Seagate Mobile HDD 2TB, 512e / 2.5 / SATA 6Gb/s - - - ST2000LM007 - - - €74.9",37.45,0.5,22
"Toshiba Enterprise Capacity MG06ACA 8TB, 24/7, 512e / 3.5 / SATA 6Gb/s - - - MG06ACA800E - - - €299.95",37.49,6.4,34
"Toshiba X300 Performance 4TB, 512e / 3.5 / SATA 6Gb/s, retail - - - HDWR740EZSTA - - - €150.48",37.62,3.49,34
"Western Digital WD_BLACK 6TB, 512e / 3.5 / SATA 6Gb/s - - - WD6004FZWX - - - €225.94",37.66,7.9,28
"Seagate IronWolf NAS HDD +Rescue 10TB, 24/7, 512e / 3.5 / SATA 6Gb/s - - - ST10000VN0008 - - - €379.75",37.98,5,18
"Western Digital WD Green 5TB, 512e / 3.5 / SATA 6Gb/s - - - WD50EZRX - - - €189.95",37.99,3.4,25
"Seagate Exos X - X10 10TB, 24/7, 512e / 3.5 / SATA 6Gb/s - - - ST10000NM0016 - - - €379.95",38,4.5,28
"Toshiba L200 Laptop PC 2TB, 512e / 2.5 / SATA 6Gb/s, bulk - - - HDWL120UZSVA - - - €76.37",38.19,0.85,23
"Seagate FireCuda HDD +Rescue 4TB, 24/7, 512e / 3.5 / SATA 6Gb/s - - - ST4000DX005 / ST4000DXA05 - - - €153.26",38.32,3.8,28
"Seagate SkyHawk AI 12TB, 24/7, 512e / 3.5 / SATA 6Gb/s - - - ST12000VE0008 - - - €459.95",38.33,5.1,18
"Seagate BarraCuda Compute 2TB, 512e / 2.5 / SATA 6Gb/s - - - ST2000LM015 / ST2000LMA15 - - - €76.88",38.44,0.5,22
"Western Digital Ultrastar DC HC310 6TB, TCG, 24/7, 512e / 3.5 / SAS 12Gb/s - - - HUS726T6TAL5201 / 0B36049 - - - €230.69",38.45,7,29
"Western Digital WD Gold 8TB, 24/7, 512e / 3.5 / SATA 6Gb/s - - - WD8004FRYZ - - - €309",38.63,7.4,29
"Western Digital WD_BLACK 10TB, 512e / 3.5 / SATA 6Gb/s - - - WD101FZBX - - - €388.46",38.85,4.6,34
"Toshiba Client HDD MQ04AB 1TB, 512e / 2.5 / SATA 6Gb/s - - - MQ04ABF100 - - - €38.95",38.95,0.6,19
"Western Digital Ultrastar DC HC510 10TB, SE, 24/7, 512e / 3.5 / SATA 6Gb/s - - - HUH721010ALE604 / 0F27454 - - - €389.95",39,5,20
"Western Digital WD Blue Mobile 2TB, 512e / 2.5 / SATA 6Gb/s - - - WD20SPZX - - - €78.29",39.15,0.5,23
"Western Digital WD_BLACK 10TB, 512e / 3.5 / SATA 6Gb/s - - - WD102FZBX - - - €397.3",39.73,8.2,34
"Western Digital WD_BLACK 8TB, 512e / 3.5 / SATA 6Gb/s - - - WD8002FZBX - - - €318.56",39.82,6.5,29
"Seagate Mobile HDD 1TB, 512e / 2.5 / SATA 6Gb/s - - - ST1000LM035 - - - €39.9",39.9,0.45,20
"Seagate SkyHawk AI 8TB, 24/7, 512e / 3.5 / SATA 6Gb/s - - - ST8000VE000 - - - €319.95",39.99,7.5,30
"Western Digital WD Desktop Everyday 2TB, 3.5 / SATA 6Gb/s, retail - - - WDBH2D0020HNC - - - €79.99",40,5.5,24
"Seagate IronWolf NAS HDD 12TB, 24/7, 512e / 3.5 / SATA 6Gb/s - - - ST12000VN0007 - - - €479.95",40,4.4,28
"Western Digital WD Purple 3TB, 24/7, 512e / 3.5 / SATA 6Gb/s - - - WD30PURX - - - €120.13",40.04,4.1,23
"Toshiba Enterprise Capacity MG10-D ADA 4TB, 24/7, 512e/4Kn / 3.5 / SATA 6Gb/s - - - MG10ADA400E - - - €160.32",40.08,3.49,34
"Seagate SkyHawk 8TB, 24/7, 512e / 3.5 / SATA 6Gb/s - - - ST8000VX0022 - - - €322.75",40.34,7.6,30
"Western Digital WD Gold 4TB, 24/7, 512e / 3.5 / SATA 6Gb/s - - - WD4004FRYZ - - - €161.9",40.48,5.4,29
"Western Digital WD Gold 6TB, 24/7, 512e / 3.5 / SATA 6Gb/s - - - WD6002FRYZ - - - €243.4",40.57,7.1,29
"Western Digital WD Purple 5TB, 24/7, 512e / 3.5 / SATA 6Gb/s - - - WD50PURX - - - €203.07",40.61,4.9,25
"Western Digital WD_BLACK 8TB, 512e / 3.5 / SATA 6Gb/s - - - WD8002FZWX - - - €328.42",41.05,7.9,28
"Western Digital Ultrastar DC HC310 4TB, SE, 24/7, 512e / 3.5 / SATA 6Gb/s - - - HUS726T4TALE6L4 / 0B36040 - - - €167.35",41.84,5.9,29
"Western Digital WD Purple 3TB, 24/7, 512e / 3.5 / SATA 6Gb/s - - - WD30PURZ - - - €126.02",42.01,4.1,23
"Western Digital WD AV-GP 1TB, 24/7, 512e / 3.5 / SATA 6Gb/s - - - WD10EURX - - - €42.27",42.27,3.3,23
"Seagate Exos E - 5E8 8TB, 24/7, 512e / 3.5 / SATA 6Gb/s - - - ST8000AS0003 - - - €339.99",42.5,3.7,23
"Western Digital Ultrastar DC HC510 10TB, SED, 24/7, 512e / 3.5 / SATA 6Gb/s - - - HUH721010ALE601 / 0F27605 - - - €426.49",42.65,5,20
"Western Digital WD Purple 2TB, 24/7, 512e / 3.5 / SATA 6Gb/s - - - WD20PURX - - - €85.9",42.95,4.1,23
"Western Digital WD Green 6TB, 512e / 3.5 / SATA 6Gb/s - - - WD60EZRX - - - €258.95",43.16,3.4,25
"Seagate SkyHawk +Rescue 2TB, 24/7, 512e / 3.5 / SATA 6Gb/s - - - ST2000VX008 - - - €86.4",43.2,4,30
"Seagate Desktop HDD 2TB, 512e / 3.5 / SATA 6Gb/s - - - ST2000DM001 - - - €87",43.5,5.4,27
"Western Digital Ultrastar DC HA340 4TB, SE, 24/7, 512e / 3.5 / SATA 6Gb/s - - - WUS721204BLE6L4 / 0B47076 - - - €174.19",43.55,5.8,29
"Toshiba DT01ACA 500GB, 512e / 3.5 / SATA 6Gb/s - - - DT01ACA050 - - - €21.8",43.6,3.7,25
"Seagate Pipeline HD 5900.2 320GB, 24/7, 3.5 / SATA 3Gb/s - - - ST3320311CS - - - €14.02",43.81,3,19
"Seagate IronWolf NAS HDD +Rescue 2TB, 24/7, 512e / 3.5 / SATA 6Gb/s - - - ST2000VN003 - - - €88.31",44.16,2.5,23
"Western Digital WD Red Pro 4TB, 24/7, 512e / 3.5 / SATA 6Gb/s - - - WD4003FFBX - - - €178.46",44.62,3.7,29
"HGST Ultrastar 7K6000 4TB, SE, 24/7, 512e / 3.5 / SAS 12Gb/s - - - HUS726040AL5214 / 0F22815 - - - €179",44.75,7.7,29
"Seagate Video 3.5 HDD 2TB, 24/7, 3.5 / SATA 6Gb/s - - - ST2000VM003 - - - €89.95",44.98,3.74,23
"Seagate Desktop SSHD 1TB, 512e / 3.5 / SATA 6Gb/s - - - ST1000DX001 - - - €45",45,3.3,22
"Western Digital Ultrastar DC HC310 4TB, SE, 24/7, 4Kn / 3.5 / SATA 6Gb/s - - - HUS726T4TALN6L4 / 0B35948 - - - €180.98",45.25,5.9,29
"Western Digital Ultrastar DC HC310 4TB, SE, 24/7, 512n / 3.5 / SATA 6Gb/s - - - HUS726T4TALA6L4 / 0B35950 - - - €182.02",45.51,5.9,29
"Seagate IronWolf NAS HDD +Rescue 3TB, 24/7, 512e / 3.5 / SATA 6Gb/s - - - ST3000VN007 - - - €137.13",45.71,4.9,23
"Western Digital Ultrastar DC HC310 4TB, SE, 24/7, 512e / 3.5 / SAS 12Gb/s - - - HUS726T4TAL5204 / 0B36048 - - - €183.15",45.79,7,29
"Toshiba Video Stream HDD 500GB, 2.5 / SATA 3Gb/s - - - MQ01ABD050V - - - €22.9",45.8,0.55,17
"Western Digital Ultrastar DC HC510 10TB, ISE, 24/7, 4Kn / 3.5 / SAS 12Gb/s - - - HUH721010AL4200 / 0F27402 - - - €459.95",46,5.8,20
"Western Digital WD Purple 2TB, 24/7, 512e / 3.5 / SATA 6Gb/s - - - WD22PURZ - - - €92.14",46.07,3.2,21
"Western Digital WD AV-25 320GB, 24/7, 512e / 2.5 / SATA 3Gb/s - - - WD3200BUCT - - - €14.75",46.09,0.85,22
"Western Digital WD Red Plus 2TB, 24/7, 512e / 3.5 / SATA 6Gb/s - - - WD20EFPX - - - €92.22",46.11,3.1,21
"Western Digital WD Red Pro 4TB, 24/7, 512e / 3.5 / SATA 6Gb/s, retail - - - WDBRJY0040HNC - - - €184.83",46.21,3.7,29
"Western Digital WD Green 4TB, 512e / 3.5 / SATA 6Gb/s - - - WD40EZRX - - - €185",46.25,3.3,25
"Western Digital WD_BLACK 8TB, 512e / 3.5 / SATA 6Gb/s, retail - - - WDBSLA0080HNC - - - €371.08",46.39,4.6,29
"Seagate Desktop HDD 3TB, 512e / 3.5 / SATA 6Gb/s - - - ST3000DM001 - - - €139.33",46.44,5.4,27
"Western Digital WD Red Pro 16TB Bundle, 24/7, 512e / 3.5 / SATA 6Gb/s, 2er-Pack - - - WD161KFGX_2ER - - - €746.22",46.64,3.6,20
"Western Digital WD Red 6TB, 24/7, 512e / 3.5 / SATA 6Gb/s - - - WD60EFAX - - - €279.95",46.66,3.1,23
"Seagate IronWolf NAS HDD +Rescue 8TB Bundle, 24/7, 512e / 3.5 / SATA 6Gb/s, 2er-Pack - - - ST8000VN002_X2 - - - €375.02",46.88,3.4,27
"Seagate Laptop Thin HDD 500GB, 2.5 / SATA 6Gb/s - - - ST500LM021 - - - €23.49",46.98,0.65,23
"Western Digital WD Blue 4TB, 512e / 3.5 / SATA 6Gb/s - - - WD40EZRZ - - - €187.95",46.99,2.9,23
"Western Digital WD Red Plus 4TB, 24/7, 512e / 3.5 / SATA 6Gb/s - - - WD40EFRX - - - €187.95",46.99,3.3,25
"Seagate IronWolf NAS HDD +Rescue 12TB Bundle, 24/7, 512e / 3.5 / SATA 6Gb/s, 2er-Pack - - - ST12000VN0008_X2 - - - €568.9",47.41,5,28
"Seagate Desktop HDD 4TB, 512e / 3.5 / SATA 6Gb/s - - - ST4000DM000 - - - €189.75",47.44,5,23
"Seagate Desktop HDD 1TB, 512e / 3.5 / SATA 6Gb/s - - - ST1000DM003 - - - €47.45",47.45,3.4,27
"Seagate SkyHawk +Rescue 4TB, 24/7, 512e / 3.5 / SATA 6Gb/s - - - ST4000VX007 - - - €189.95",47.49,3.2,30
"Western Digital WD Re 4TB, 24/7, 512n / 3.5 / SATA 6Gb/s - - - WD4000FYYZ - - - €189.95",47.49,8.1,31
"Seagate Samsung Spinpoint M8 1TB, 2.5 / SATA 6Gb/s - - - ST1000LM024 / HN-M101MBB - - - €48",48,0.7,24
"Western Digital WD Purple 2TB, 24/7, 512e / 3.5 / SATA 6Gb/s - - - WD20PURZ - - - €96.48",48.24,4.1,23
"Western Digital WD_BLACK 6TB, 512e / 3.5 / SATA 6Gb/s - - - WD6004FZBX - - - €289.78",48.3,6.5,29
"Seagate SkyHawk 6TB, 24/7, 512e / 3.5 / SATA 6Gb/s - - - ST6000VX0023 - - - €289.95",48.33,7.2,30
"HGST Travelstar 5K1000 1TB, 512e / 2.5 / SATA 6Gb/s - - - HTS541010A9E680 / 0J22413 - - - €48.4",48.4,0.5,24
"Western Digital Ultrastar DC HC510 10TB, SE, 24/7, 4Kn / 3.5 / SAS 12Gb/s - - - HUH721010AL4204 / 0F27404 - - - €484.65",48.47,5.8,20
"Western Digital WD_BLACK 6TB, 3.5 / SATA 6Gb/s, retail - - - WDBSLA0060HNC - - - €290.98",48.5,8.1,29
"Western Digital WD Gold 8TB, 24/7, 512e / 3.5 / SATA 6Gb/s - - - WD8003FRYZ - - - €389.95",48.74,5,20
"Western Digital Ultrastar DC HC310 4TB, SE, 24/7, 4Kn / 3.5 / SAS 12Gb/s - - - HUS726T4TAL4204 / 0B35915 - - - €195.2",48.8,7,29
"Seagate IronWolf NAS HDD +Rescue 4TB, 24/7, 512e / 3.5 / SATA 6Gb/s - - - ST4000VN008 - - - €195.75",48.94,3.9,23
"Seagate SkyHawk 10TB, 24/7, 512e / 3.5 / SATA 6Gb/s - - - ST10000VX0004 - - - €489.75",48.98,4.4,30
"Seagate BarraCuda Pro +Rescue 14TB, 24/7, 512e / 3.5 / SATA 6Gb/s - - - ST14000DM001 / ST14000DMA01 - - - €687.95",49.14,4.9,18
"Seagate IronWolf NAS HDD +Rescue 8TB Bundle, 24/7, 512e / 3.5 / SATA 6Gb/s, 2er-Pack - - - ST8000VN004_X2 - - - €393.28",49.16,7.2,28
"Toshiba P300 Desktop PC 500GB, 512e / 3.5 / SATA 6Gb/s, bulk - - - HDWD105UZSVA - - - €24.61",49.22,3.7,25
"Western Digital WD Red Plus 12TB Bundle, 24/7, 512e / 3.5 / SATA 6Gb/s, 2er-Pack - - - WD120EFBX_X2 - - - €590.92",49.24,2.9,20
"Western Digital WD Red Plus 8TB Bundle, 24/7, 512e / 3.5 / SATA 6Gb/s, 2er-Pack - - - WD80EFPX_X2 - - - €395.29",49.41,3.4,24
"HGST Ultrastar 7K6000 6TB, ISE, 24/7, 512e / 3.5 / SATA 6Gb/s - - - HUS726060ALE610 / 0F23001 - - - €297.24",49.54,7.1,29
"HGST Ultrastar He8 6TB, ISE, 24/7, 4Kn / 3.5 / SAS 12Gb/s - - - HUH728060AL4200 / 0F23650 - - - €298.37",49.73,5.7,20
"Western Digital WD_BLACK 4TB, 512e / 3.5 / SATA 6Gb/s - - - WD4005FZBX - - - €199.06",49.77,5.8,29
"Western Digital WD Se 4TB, 24/7, 512e / 3.5 / SATA 6Gb/s - - - WD4000F9YZ - - - €199.23",49.81,8.1,31
"Western Digital WD Red Plus 6TB, 24/7, 512e / 3.5 / SATA 6Gb/s - - - WD60EFRX - - - €299.75",49.96,3.4,25
"Toshiba Client HDD 4TB, 512e / 3.5 / SATA 6Gb/s - - - MD04ACA400 - - - €199.95",49.99,6,31
"Toshiba Enterprise Capacity MG04ACA 4TB, 24/7, 512e / 3.5 / SATA 6Gb/s - - - MG04ACA400E - - - €199.95",49.99,6,31
"Western Digital Ultrastar DC HC510 10TB, ISE, 24/7, 512e / 3.5 / SAS 12Gb/s - - - HUH721010AL5200 / 0F27352 - - - €499.95",50,5.8,20
"Seagate IronWolf NAS HDD +Rescue 6TB Bundle, 24/7, 512e / 3.5 / SATA 6Gb/s, 2er-Pack - - - ST6000VN006_X2 - - - €300.5",50.08,3.4,26
"Toshiba Enterprise Capacity MG08-D ADA 4TB, 24/7, 512e / 3.5 / SATA 6Gb/s - - - MG08ADA400E - - - €202.07",50.52,4.07,31
"Western Digital WD Desktop Everyday 3TB, 3.5 / SATA 6Gb/s, retail - - - WDBH2D0030HNC - - - €153.97",51.32,5.5,24
"Toshiba Enterprise Capacity MG08-D SDA 4TB, 24/7, 512e / 3.5 / SAS 12Gb/s - - - MG08SDA400E - - - €205.44",51.36,4.5,31
"Seagate IronWolf NAS HDD +Rescue 10TB Bundle, 24/7, 512e / 3.5 / SATA 6Gb/s, 2er-Pack - - - ST10000VN000_X2 - - - €516.3",51.63,7.8,28
"Toshiba S300 Surveillance 1TB, 24/7, 512e / 3.5 / SATA 6Gb/s, bulk - - - HDWV110UZSVA - - - €52.25",52.25,3,26
"Seagate Surveillance HDD 4TB, 24/7, 512e / 3.5 / SATA 6Gb/s - - - ST4000VX000 - - - €209.95",52.49,5.4,25
"Western Digital WD Red Plus 3TB, 24/7, 512e / 3.5 / SATA 6Gb/s - - - WD30EFPX - - - €158",52.67,3.1,23
"Seagate IronWolf NAS HDD +Rescue 4TB Bundle, 24/7, 512e / 3.5 / SATA 6Gb/s, 2er-Pack - - - ST4000VN006_X2 - - - €211.9",52.98,3.96,23
"Seagate BarraCuda Compute 1TB, 512e / 2.5 / SATA 6Gb/s - - - ST1000LM048 / ST1000LMA48 - - - €53.61",53.61,0.45,20
"Seagate Constellation ES.3 4TB, 24/7, 3.5 / SAS 6Gb/s - - - ST4000NM0023 - - - €214.95",53.74,7.8,28
"Western Digital WD Red 8TB, 24/7, 512e / 3.5 / SATA 6Gb/s - - - WD80EFZX - - - €429.95",53.74,5.2,20
"Western Digital Ultrastar DC HC510 8TB, ISE, 24/7, 512e / 3.5 / SATA 6Gb/s - - - HUH721008ALE600 / 0F27455 - - - €429.95",53.74,5,20
"Western Digital Ultrastar DC HC510 8TB, ISE, 24/7, 4Kn / 3.5 / SAS 12Gb/s - - - HUH721008AL4200 / 0F27406 - - - €429.95",53.74,5.8,20
"Toshiba Enterprise Capacity MG06ACA 8TB, 24/7, 4Kn / 3.5 / SATA 6Gb/s - - - MG06ACA800A - - - €429.95",53.74,6.4,34
"Toshiba MQ01ACF 500GB, 512e / 2.5 / SATA 6Gb/s - - - MQ01ACF050 - - - €26.99",53.98,0.8,23
"Western Digital WD Purple 1TB, 24/7, 512e / 3.5 / SATA 6Gb/s - - - WD11PURZ - - - €54.15",54.15,3.2,21
"Seagate IronWolf NAS HDD 6TB, 24/7, 512e / 3.5 / SATA 6Gb/s - - - ST6000VN0041 - - - €327.75",54.63,7.2,28
"Western Digital WD_BLACK 4TB, 512e / 3.5 / SATA 6Gb/s - - - WD4006FZBX - - - €218.87",54.72,5.4,29
"Western Digital WD Blue Mobile 1TB, 512e / 2.5 / SATA 6Gb/s - - - WD10SPZX - - - €54.75",54.75,0.5,19
"Western Digital WD Purple NV 6TB, 24/7, 512e / 3.5 / SATA 6Gb/s - - - WD6NPURX - - - €328.95",54.83,4.9,25
"Western Digital WD Blue 1TB, 512e / 3.5 / SATA 6Gb/s - - - WD10EZEX - - - €54.9",54.9,6.1,29
"Western Digital WD Red Plus 2TB, 24/7, 512e / 3.5 / SATA 6Gb/s - - - WD20EFRX - - - €109.95",54.98,2.7,23
"HGST Deskstar NAS 4TB, 24/7, 512e / 3.5 / SATA 6Gb/s - - - H3IKNAS40003272SE / 0S03665 - - - €219.95",54.99,6.9,23.5
"Seagate Constellation ES.3 4TB, TCG FIPS, 24/7, 3.5 / SAS 6Gb/s - - - ST4000NM0063 - - - €219.95",54.99,7.8,28
"Western Digital WD Blue 6TB, 512e / 3.5 / SATA 6Gb/s - - - WD60EZRZ - - - €329.95",54.99,3.4,25
"Western Digital Ultrastar DC HC510 10TB, ISE, 24/7, 4Kn / 3.5 / SATA 6Gb/s - - - HUH721010ALN600 / 0F27502 - - - €549.95",55,5,20
"Western Digital WD Red Pro 2TB, 24/7, 512e / 3.5 / SATA 6Gb/s - - - WD2002FFSX - - - €111.82",55.91,6,29
"Western Digital WD Red Plus 6TB Bundle, 24/7, 512e / 3.5 / SATA 6Gb/s, 2er-Pack - - - WD60EFPX_X2 - - - €336.81",56.14,3.1,23
"Western Digital Ultrastar DC HC510 8TB, SE, 24/7, 512e / 3.5 / SATA 6Gb/s - - - HUH721008ALE604 / 0F27612 - - - €449.95",56.24,5,20
"HGST Ultrastar He8 8TB, SE, 24/7, 512e / 3.5 / SAS 12Gb/s - - - HUH728080AL5204 / 0F23657 - - - €449.95",56.24,5.7,20
"Western Digital WD Red Plus 2TB, 24/7, 512e / 3.5 / SATA 6Gb/s - - - WD20EFZX - - - €112.77",56.39,3.1,23
"Western Digital WD Red Plus 4TB Bundle, 24/7, 512e / 3.5 / SATA 6Gb/s, 2er-Pack - - - WD40EFPX_X2 - - - €225.68",56.42,3.1,23
"Western Digital WD Blue 1TB, 512e / 3.5 / SATA 6Gb/s - - - WD10EZRZ - - - €56.48",56.48,2.5,21
"Western Digital WD_BLACK Mobile 500GB, 512e / 2.5 / SATA 6Gb/s - - - WD5000LPLX - - - €28.46",56.92,0.85,23
"Western Digital WD AV-25 500GB, 24/7, 512e / 2.5 / SATA 3Gb/s - - - WD5000LUCT - - - €28.7",57.4,0.8,17
"Seagate Laptop SSHD 1TB, 2.5 / SATA 6Gb/s - - - ST1000LM014 - - - €58",58,0.9,22
"Seagate BarraCuda Pro +Rescue 6TB, 24/7, 512e / 3.5 / SATA 6Gb/s - - - ST6000DM004 / ST6000DMA04 - - - €349.95",58.33,7.2,30
"HGST Ultrastar 7K6000 6TB, ISE, 24/7, 4Kn / 3.5 / SAS 12Gb/s - - - HUS726060AL4210 / 0F22790 - - - €349.95",58.33,7.7,29
"Western Digital WD Blue 1TB, 512e / 3.5 / SATA 6Gb/s - - - WD10EARZ - - - €58.42",58.42,2.4,21
"HGST Ultrastar He8 8TB, ISE, 24/7, 4Kn / 3.5 / SAS 12Gb/s - - - HUH728080AL4200 / 0F23651 - - - €469.95",58.74,5.7,20
"Western Digital WD Ae 6TB, 512e / 3.5 / SATA 6Gb/s - - - WD6001F4PZ - - - €353.87",58.98,4.8,25
"Seagate BarraCuda Compute 1TB, 512e / 3.5 / SATA 6Gb/s - - - ST1000DM014 / ST1000DMA14 - - - €58.99",58.99,3.9,29
"Western Digital WD Red Plus 3TB, 24/7, 512e / 3.5 / SATA 6Gb/s - - - WD30EFRX - - - €177.75",59.25,3,23
"Toshiba Mobile HDD MQ01-Series 1TB, 512e / 2.5 / SATA 3Gb/s - - - MQ01ABD100 - - - €59.9",59.9,0.55,23
"Western Digital WD Red 2TB, 24/7, 512e / 3.5 / SATA 6Gb/s - - - WD20EFAX - - - €119.82",59.91,2.3,21
"Western Digital WD Blue 500GB, 512n / 3.5 / SATA 6Gb/s - - - WD5000AAKX - - - €29.99",59.98,5.6,29
"Seagate Constellation ES.3 4TB, SED, 24/7, 3.5 / SATA 6Gb/s - - - ST4000NM0053 - - - €239.95",59.99,6.73,28
"Seagate SkyHawk Lite 1TB, 24/7, 512e / 3.5 / SATA 6Gb/s - - - ST1000VX008 - - - €60.34",60.34,2.5,20
"Western Digital WD AV-25 1TB, 24/7, 512e / 2.5 / SATA 3Gb/s - - - WD10JUCT - - - €60.43",60.43,0.59,24
"Western Digital Ultrastar DC HA210 2TB, SE, 24/7, 512n / 3.5 / SATA 6Gb/s - - - HUS722T2TALA604 / 1W10002 - - - €121.61",60.81,5.9,25
"Seagate Desktop HDD 500GB, 512e / 3.5 / SATA 6Gb/s - - - ST500DM002 - - - €30.49",60.98,4.6,27
"HGST Ultrastar He8 8TB, ISE, 24/7, 512e / 3.5 / SATA 6Gb/s - - - HUH728080ALE600 / 0F23267 - - - €489.95",61.24,5.1,20
"HGST Ultrastar He8 8TB, SE, 24/7, 512e / 3.5 / SATA 6Gb/s - - - HUH728080ALE604 / 0F23668 - - - €489.95",61.24,5.1,20
"Western Digital WD Gold 2TB, 24/7, 512n / 3.5 / SATA 6Gb/s - - - WD2005FBYZ - - - €123.7",61.85,5.9,25
"Western Digital WD Blue 500GB, 512e / 3.5 / SATA 6Gb/s - - - WD5000AZLX - - - €31",62,2.5,29
"Toshiba Mobile HDD MQ01-Series 500GB, 512e / 2.5 / SATA 3Gb/s - - - MQ01ABD050 - - - €31.21",62.42,0.55,17
"Western Digital WD Red Plus 8TB, 24/7, 512e / 3.5 / SATA 6Gb/s - - - WD80EFAX - - - €499.95",62.49,5.3,27
"Seagate SkyHawk 3TB, 24/7, 512e / 3.5 / SATA 6Gb/s - - - ST3000VX010 - - - €187.75",62.58,4,30
"Seagate Surveillance HDD 3TB, 24/7, 512e / 3.5 / SATA 6Gb/s - - - ST3000VX000 - - - €187.95",62.65,5.4,26
"Seagate Constellation ES.3 3TB, 24/7, 3.5 / SAS 6Gb/s - - - ST3000NM0023 - - - €189.95",63.32,6.74,28
"Seagate Constellation ES.2 3TB, 24/7, 3.5 / SATA 6Gb/s - - - ST33000650NS - - - €189.95",63.32,7.7,28
"Toshiba Enterprise Capacity MG04ACA 6TB, 24/7, 512e / 3.5 / SATA 6Gb/s - - - MG04ACA600E - - - €379.95",63.33,6,31
"Seagate Terascale 4TB, 24/7, 512e / 3.5 / SATA 6Gb/s - - - ST4000NC001 - - - €256.41",64.1,4.59,28
"Toshiba Enterprise Capacity MG10-D ADA 2TB, 24/7, 512e/4Kn / 3.5 / SATA 6Gb/s - - - MG10ADA200E - - - €128.5",64.25,3.49,34
"Western Digital WD Red Pro 6TB, 24/7, 512e / 3.5 / SATA 6Gb/s - - - WD6001FFWX - - - €388.8",64.8,7.4,31
"Western Digital WD Red Plus 10TB, 24/7, 512e / 3.5 / SATA 6Gb/s - - - WD100EFAX - - - €648.95",64.9,2.8,20
"Western Digital WD Green 3TB, 512e / 3.5 / SATA 6Gb/s - - - WD30EZRX - - - €194.86",64.95,3,23
"Western Digital WD Gold 4TB, 24/7, 512n / 3.5 / SATA 6Gb/s - - - WD4002FYYZ - - - €259.95",64.99,7,29
"Seagate Desktop HDD 6TB, 512e / 3.5 / SATA 6Gb/s - - - ST6000DM001 - - - €389.95",64.99,7.2,24
"Seagate SkyHawk +Rescue 3TB, 24/7, 512e / 3.5 / SATA 6Gb/s - - - ST3000VX009 - - - €197.95",65.98,2.5,22
"Toshiba L200 Laptop PC Slim 1TB, 512e / 2.5 / SATA 6Gb/s, retail - - - HDWL110EZSTA - - - €66.44",66.44,0.85,23
"Western Digital WD Red 3TB, 24/7, 512e / 3.5 / SATA 6Gb/s - - - WD30EFAX - - - €199.75",66.58,3.1,23
"Western Digital WD Red Plus 3TB, 24/7, 512e / 3.5 / SATA 6Gb/s - - - WD30EFZX - - - €199.95",66.65,3.1,23
"Seagate Constellation ES.2 3TB, SED, 24/7, 3.5 / SATA 6Gb/s - - - ST33000651NS - - - €199.95",66.65,7.7,28
"Toshiba Enterprise Capacity MG04SCA 6TB, 24/7, 512e / 3.5 / SAS 12Gb/s - - - MG04SCA60EE - - - €399.95",66.66,6.1,34
"Toshiba Enterprise Capacity MG04ACA 4TB, 24/7, 512n / 3.5 / SATA 6Gb/s - - - MG04ACA400N - - - €267.95",66.99,6,31
"Seagate NAS HDD 4TB, 24/7, 512e / 3.5 / SATA 6Gb/s - - - ST4000VN000 - - - €268.95",67.24,3.95,23
"HGST Ultrastar 7K6000 4TB, ISE, 24/7, 512e / 3.5 / SATA 6Gb/s - - - HUS726040ALE610 / 0F23005 - - - €269.95",67.49,7.1,29
"HGST Deskstar 7K4000 4TB, 24/7, 512e / 3.5 / SATA 6Gb/s - - - HDS724040ALE640 / H3IK40003272SW / 0F14681 - - - €269.95",67.49,6.9,29
"Seagate Laptop Thin SSHD 500GB, 2.5 / SATA 6Gb/s - - - ST500LM000 - - - €33.9",67.8,0.9,20
"Western Digital WD Red/NAS 1TB, 24/7, 512e / 3.5 / SATA 6Gb/s, retail - - - WDBMMA0010HNC - - - €67.9",67.9,2.5,21
"Western Digital WD Gold 8TB, 24/7, 512e / 3.5 / SATA 6Gb/s - - - WD8002FRYZ - - - €543.45",67.93,5.1,20
"Western Digital WD_BLACK 2TB, 512e / 3.5 / SATA 6Gb/s - - - WD2003FZEX - - - €137.86",68.93,8.1,29
"Toshiba Enterprise Capacity MG04ACA 2TB, 24/7, 512e / 3.5 / SATA 6Gb/s - - - MG04ACA200E - - - €138.18",69.09,6,31
"Seagate Desktop SSHD 2TB, 512e / 3.5 / SATA 6Gb/s - - - ST2000DX001 - - - €139.24",69.62,3.9,24
"HGST Travelstar Z7K500.B 500GB, 512e / 2.5 / SATA 6Gb/s - - - HTS725050B7E630 / 1W10098 - - - €34.9",69.8,0.85,23
"Seagate IronWolf NAS HDD +Rescue 1TB, 24/7, 512e / 3.5 / SATA 6Gb/s - - - ST1000VN008 - - - €69.88",69.88,2.5,23
"Western Digital WD Blue 2TB, 512e / 3.5 / SATA 6Gb/s - - - WD20EZRZ - - - €139.95",69.98,3,23
"HGST Ultrastar 7K6000 4TB, SE, 24/7, 512n / 3.5 / SATA 6Gb/s - - - HUS726040ALA614 / 0F23102 - - - €279.95",69.99,7.1,29
"Toshiba Enterprise Capacity MG10-D SDA 2TB, 24/7, 512e/4Kn / 3.5 / SAS 12Gb/s - - - MG10SDA200E - - - €141.92",70.96,3.26,34
"Seagate BarraCuda Pro Compute 1TB, 512e / 2.5 / SATA 6Gb/s - - - ST1000LM049 / ST1000LMA49 - - - €71.56",71.56,0.7,20
"HGST Ultrastar 7K6000 6TB, ISE, 24/7, 512e / 3.5 / SAS 12Gb/s - - - HUS726060AL5210 / 0F22791 - - - €429.75",71.63,7.7,29
"Western Digital WD Red 5TB, 24/7, 512e / 3.5 / SATA 6Gb/s - - - WD50EFRX - - - €359",71.8,3.4,25
"HGST Ultrastar He6 6TB, 24/7, 512e / 3.5 / SATA 6Gb/s - - - HUS726060ALA640 / 0F18335 - - - €434.78",72.46,3.7,20
"Seagate Laptop HDD 4TB, 2.5 / SATA 6Gb/s - - - ST4000LM016 - - - €289.95",72.49,0.85,24
"Western Digital WD Red Pro 4TB, 24/7, 512e / 3.5 / SATA 6Gb/s - - - WD4002FFWX - - - €289.95",72.49,5.8,29
"Seagate NAS HDD 2TB, 24/7, 512e / 3.5 / SATA 6Gb/s - - - ST2000VN000 - - - €146.22",73.11,3.7,23
"Western Digital WD Re 3TB, 24/7, 512n / 3.5 / SATA 6Gb/s - - - WD3000FYYZ - - - €219.95",73.32,8.1,31
"HGST MegaScale 4000 4TB, 24/7, 512e / 3.5 / SATA 6Gb/s - - - HMS5C4040ALE640 / 0F22146 / 0F19847 - - - €299.75",74.94,4.9,25
"Toshiba Mobile HDD MQ01-Series 320GB, 512e / 2.5 / SATA 3Gb/s - - - MQ01ABD032 - - - €23.99",74.97,0.55,17
"Toshiba DT01ACA 2TB, 512e / 3.5 / SATA 6Gb/s - - - DT01ACA200 - - - €149.95",74.98,5.2,27
"HGST Travelstar 7K1000 1TB, 512e / 2.5 / SATA 6Gb/s - - - HTS721010A9E630 / 0J22423 - - - €75",75,1,25
"Western Digital WD Red Plus 1TB, 24/7, 512e / 3.5 / SATA 6Gb/s - - - WD10EFRX - - - €75.48",75.48,2.3,21
"Western Digital WD Purple 1TB, 24/7, 512e / 3.5 / SATA 6Gb/s - - - WD10PURZ - - - €75.5",75.5,2.9,21
"Seagate IronWolf NAS HDD +Rescue 6TB, 24/7, 512e / 3.5 / SATA 6Gb/s - - - ST6000VN001 - - - €456.59",76.1,3.4,26
"Seagate Constellation ES.3 3TB, 24/7, 512n / 3.5 / SATA 6Gb/s - - - ST3000NM0033 - - - €229.95",76.65,6.73,28
"HGST Ultrastar He6 6TB, SED, 24/7, 512e / 3.5 / SATA 6Gb/s - - - HUS726060ALA641 / 0F20572 - - - €461.59",76.93,3.7,20
"Western Digital WD Blue Mobile 750GB, 512e / 2.5 / SATA 3Gb/s - - - WD7500BPVT - - - €58.9",78.53,0.65,24
"Western Digital Ultrastar DC HC510 8TB, ISE, 24/7, 512e / 3.5 / SAS 12Gb/s - - - HUH721008AL5200 / 0F27356 - - - €629.95",78.74,5.8,20
"Western Digital WD Re 1TB, 24/7, 512n / 3.5 / SATA 6Gb/s - - - WD1004FBYZ - - - €79.32",79.32,5.9,28
"Western Digital Ultrastar DC HA210 1TB, SE, 24/7, 512n / 3.5 / SATA 6Gb/s - - - HUS722T1TALA604 / 1W10001 - - - €79.34",79.34,5.9,25
"Western Digital WD AV-GP 500GB, 24/7, 512e / 3.5 / SATA 6Gb/s - - - WD5000AURX - - - €39.95",79.9,3.3,23
"Seagate BarraCuda EcoGreen F4 2TB, 512e / 3.5 / SATA 3Gb/s - - - ST2000DL004 / HD204UI - - - €159.95",79.98,5.1,26
"HGST Ultrastar 7K4000 4TB, 24/7, 512n / 3.5 / SAS 6Gb/s - - - HUS724040ALS640 / 0B26885 - - - €319.95",79.99,7.6,29
"HGST Ultrastar 7K6000 4TB, ISE, 24/7, 512n / 3.5 / SATA 6Gb/s - - - HUS726040ALA610 / 0F23090 - - - €319.95",79.99,7.1,29
"HGST Ultrastar He6 6TB, 24/7, 512e / 3.5 / SAS 6Gb/s - - - HUS726060ALS640 / 0F18370 - - - €489.95",81.66,5.5,20
"Western Digital WD_BLACK 4TB, 512e / 3.5 / SATA 6Gb/s - - - WD4003FZEX - - - €327.25",81.81,8.1,29
"HGST Ultrastar 7K6000 4TB, ISE, 24/7, 512e / 3.5 / SAS 12Gb/s - - - HUS726040AL5210 / 0F22795 - - - €329.95",82.49,7.7,29
"Western Digital WD_BLACK Mobile 1TB, 512e / 2.5 / SATA 6Gb/s - - - WD10SPSX - - - €82.6",82.6,0.85,24
"Seagate Constellation ES.3 2TB, 24/7, 3.5 / SAS 6Gb/s - - - ST2000NM0023 - - - €165.75",82.88,5.78,28
"Seagate Constellation ES.2 3TB, 24/7, 3.5 / SAS 6Gb/s - - - ST33000650SS - - - €249",83,7.4,28
"Seagate NAS HDD 3TB, 24/7, 512e / 3.5 / SATA 6Gb/s - - - ST3000VN000 - - - €249.95",83.32,4.9,23
"HGST Ultrastar He8 6TB, ISE, 24/7, 512e / 3.5 / SATA 6Gb/s - - - HUH728060ALE600 / 0F23269 - - - €499.95",83.33,5.1,20
"Toshiba Enterprise Capacity MG04ACA 2TB, 24/7, 512n / 3.5 / SATA 6Gb/s - - - MG04ACA200N - - - €169.95",84.98,6,31
"HGST MegaScale DC 4000.B 4TB, 24/7, 512e / 3.5 / SATA 6Gb/s - - - HMS5C4040BLE640 / 0F22146 - - - €339.95",84.99,4.9,25
"Western Digital WD Purple 1TB, 24/7, 512e / 3.5 / SATA 6Gb/s - - - WD10PURX - - - €85.72",85.72,2.9,21
"Western Digital WD Re 5TB, 24/7, 512e / 3.5 / SATA 6Gb/s - - - WD5001FSYZ - - - €429.95",85.99,7.5,31
"Toshiba L200 Laptop PC Slim 1TB, 512e / 2.5 / SATA 6Gb/s, bulk - - - HDWL110UZSVA - - - €86.7",86.7,0.85,23
"HGST Ultrastar 7K6000 4TB, ISE, 24/7, 4Kn / 3.5 / SAS 12Gb/s - - - HUS726040AL4210 / 0F22794 - - - €349.75",87.44,7.7,29
"HGST Ultrastar 7K6000 6TB, SE, 24/7, 512e / 3.5 / SATA 6Gb/s - - - HUS726060ALE614 / 0F23021 - - - €529.95",88.33,7.1,29
"Western Digital WD Red Pro 8TB, 24/7, 512e / 3.5 / SATA 6Gb/s - - - WD8001FFWX - - - €718.05",89.76,5.1,20
"Western Digital WD Laptop Everyday 500GB, 512e / 2.5 / SATA 3Gb/s, retail - - - WDBMYH5000ANC - - - €44.95",89.9,0.85,24
"Seagate Pipeline HD 5900.2 2TB, 24/7, 512e / 3.5 / SATA 3Gb/s - - - ST2000VM002 - - - €179.95",89.98,4.5,21
"Western Digital WD_BLACK 4TB, 512n / 3.5 / SATA 6Gb/s - - - WD4001FAEX - - - €369",92.25,8.1,29
"Seagate Samsung Spinpoint M8 750GB, 2.5 / SATA 3Gb/s - - - ST750LM022 / HN-MB - - - €69.21",92.28,0.7,24
"Western Digital WD Gold 1TB, 24/7, 512n / 3.5 / SATA 6Gb/s - - - WD1005FBYZ - - - €92.6",92.6,5.9,25
"Western Digital WD_BLACK Mobile 750GB, 512e / 2.5 / SATA 3Gb/s - - - WD7500BPKT - - - €69.95",93.27,0.8,28
"Seagate Surveillance HDD 3TB, 24/7, 512e / 3.5 / SATA 6Gb/s - - - ST3000VX006 - - - €279.95",93.32,5.4,23
"Seagate IronWolf NAS HDD +Rescue 2TB Bundle, 24/7, 512e / 3.5 / SATA 6Gb/s, 2er-Pack - - - ST2000VN003_B2 - - - €187.55",93.78,2.5,23
"Seagate Constellation ES.3 2TB, 24/7, 512n / 3.5 / SATA 6Gb/s - - - ST2000NM0033 - - - €189.75",94.88,5.17,28
"Toshiba MQ-Series 2TB, 512e / 2.5 / SATA 3Gb/s - - - MQ01ABB200 - - - €189.95",94.98,0.7,25
"Seagate Desktop SSHD 4TB, 512e / 3.5 / SATA 6Gb/s - - - ST4000DX001 - - - €379.95",94.99,6.2,23
"Seagate Terascale 4TB, ISE, 24/7, 512e / 3.5 / SATA 6Gb/s - - - ST4000NC000 - - - €379.95",94.99,4.59,28
"Toshiba Enterprise Capacity MG04SCA 4TB, 24/7, 512e / 3.5 / SAS 12Gb/s - - - MG04SCA40EE - - - €379.95",94.99,6.1,31
"HGST Ultrastar 7K6000 4TB, ISE, 24/7, 512n / 3.5 / SAS 12Gb/s - - - HUS726040ALS210 / 0F22941 - - - €379.95",94.99,7.7,29
"Seagate Constellation ES 2TB, SED, 24/7, 3.5 / SAS 6Gb/s - - - ST32000445SS - - - €193.89",96.95,8,27
"Seagate IronWolf NAS HDD +Rescue 8TB Bundle, 24/7, 512e / 3.5 / SATA 6Gb/s, 4er-Pack - - - ST8000VN002_X4 - - - €778.04",97.26,3.4,27
"Western Digital WD Caviar Green 1TB, 512e / 3.5 / SATA 3Gb/s - - - WD10EARS - - - €98",98,3.3,23
"Western Digital WD_BLACK 3TB, 512e / 3.5 / SATA 6Gb/s - - - WD3003FZEX - - - €296.47",98.82,8.1,29
"Seagate FireCuda Compute SSHD 2TB, 512e / 2.5 / SATA 6Gb/s - - - ST2000LX001 - - - €197.95",98.98,0.5,22
"Western Digital WD Red Plus 8TB Bundle, 24/7, 512e / 3.5 / SATA 6Gb/s, 4er-Pack - - - WD80EFPX_X4 - - - €794.58",99.32,3.4,24
"Western Digital WD Red Pro 4TB, 24/7, 512e / 3.5 / SATA 6Gb/s - - - WD4001FFSX - - - €399.06",99.77,6.5,31
"Western Digital WD Blue Mobile 1TB, 512e / 2.5 / SATA 6Gb/s - - - WD10JPCX - - - €99.95",99.95,0.57,20
"Seagate Surveillance HDD 2TB, 24/7, 512e / 3.5 / SATA 6Gb/s - - - ST2000VX000 - - - €199.95",99.98,5.4,26
"Western Digital WD Re 2TB, 24/7, 512n / 3.5 / SATA 6Gb/s - - - WD2000FYYZ - - - €199.95",99.98,6.2,31
"Toshiba Enterprise Capacity MG04SCA 2TB, 24/7, 512e / 3.5 / SAS 6Gb/s - - - MG04SCA200E - - - €199.95",99.98,6.2,31
"Seagate Constellation ES 2TB, 24/7, 3.5 / SATA 3Gb/s - - - ST32000644NS - - - €200.04",100.02,8,27
"HGST Ultrastar A7K2000 2TB, 24/7, 512n / 3.5 / SATA 3Gb/s - - - HUA722020ALA330 - - - €200.04",100.02,5.6,29
"Seagate IronWolf NAS HDD +Rescue 6TB Bundle, 24/7, 512e / 3.5 / SATA 6Gb/s, 4er-Pack - - - ST6000VN006_X4 - - - €600.6",100.1,3.4,26
"HGST Ultrastar A7K2000 1TB, 24/7, 512e / 3.5 / SATA 3Gb/s - - - HUA722010CLA330 / 0A39289 - - - €100.48",100.48,3.9,24
"Seagate Constellation ES.2 2TB, SED, 24/7, 3.5 / SATA 6Gb/s - - - ST32000646NS - - - €205.12",102.56,7.7,28
"Seagate IronWolf NAS HDD +Rescue 10TB Bundle, 24/7, 512e / 3.5 / SATA 6Gb/s, 4er-Pack - - - ST10000VN000_X4 - - - €1055.88",105.59,7.8,28
"Western Digital WD Blue Mobile 320GB, 512e / 2.5 / SATA 3Gb/s - - - WD3200BPVT - - - €33.83",105.72,0.85,22
"Toshiba P300 Desktop PC 1TB, 512e / 3.5 / SATA 6Gb/s, retail - - - HDWD110EZSTA - - - €106.17",106.17,3.7,25
"Seagate IronWolf NAS HDD +Rescue 8TB Bundle, 24/7, 512e / 3.5 / SATA 6Gb/s, 4er-Pack - - - ST8000VN004_X4 - - - €852.92",106.62,7.2,28
"Western Digital WD_BLACK 1TB, 512e / 3.5 / SATA 6Gb/s - - - WD1003FZEX - - - €107.36",107.36,6.1,29
"Seagate IronWolf NAS HDD +Rescue 4TB Bundle, 24/7, 512e / 3.5 / SATA 6Gb/s, 4er-Pack - - - ST4000VN006_X4 - - - €435.23",108.81,3.96,23
"Western Digital WD Re 6TB, 24/7, 512e / 3.5 / SATA 6Gb/s - - - WD6001FSYZ - - - €666.76",111.13,7.4,31
"Western Digital WD Red Plus 6TB Bundle, 24/7, 512e / 3.5 / SATA 6Gb/s, 4er-Pack - - - WD60EFPX_X4 - - - €673.61",112.27,3.1,23
"Seagate BarraCuda Compute 500GB, 512e / 2.5 / SATA 6Gb/s - - - ST500LM030 / ST500LMA30 - - - €56.2",112.4,0.45,20
"Seagate Constellation ES.2 3TB, SED, 24/7, 3.5 / SAS 6Gb/s - - - ST33000651SS - - - €337.51",112.5,7.4,28
"Seagate Constellation CS 3TB, ISE, 24/7, 512e / 3.5 / SATA 6Gb/s - - - ST3000NC000 - - - €339.75",113.25,5.53,25
"Western Digital WD Blue PC SSHD 4TB, 512e / 3.5 / SATA 6Gb/s - - - WD40E31X - - - €460.61",115.15,4.75,25
"Western Digital WD Green 1TB, 512e / 3.5 / SATA 6Gb/s - - - WD10EARX - - - €116.95",116.95,3.3,23
"Seagate FireCuda Compute SSHD 1TB, 512e / 2.5 / SATA 6Gb/s - - - ST1000LX015 - - - €117",117,0.45,20
"Seagate Exos E - 7E2000 2TB, 24/7, 512n / 2.5 / SATA 6Gb/s - - - ST2000NX0403 - - - €235",117.5,3.87,28
"HGST Travelstar Z7K500 500GB, 512e / 2.5 / SATA 6Gb/s - - - HTS725050A7E630 / 0J38075 / 0J26005 - - - €59.33",118.66,0.8,23
"Seagate Constellation CS 3TB, 24/7, 512e / 3.5 / SATA 6Gb/s - - - ST3000NC002 - - - €358.8",119.6,5.53,25
"Western Digital WD_BLACK Mobile 1TB, 512e / 2.5 / SATA 6Gb/s - - - WD10JPLX - - - €119.95",119.95,0.8,25
"Western Digital WD Red Plus 4TB Bundle, 24/7, 512e / 3.5 / SATA 6Gb/s, 4er-Pack - - - WD40EFPX_X4 - - - €480",120,3.1,23
"Seagate IronWolf Pro NAS HDD +Rescue 8TB Bundle, 24/7, 512e / 3.5 / SATA 6Gb/s, 4er-Pack - - - ST8000NT001_X4 - - - €974.57",121.82,7.8,28
"Seagate Constellation ES.2 2TB, SED, 24/7, 3.5 / SAS 6Gb/s - - - ST32000646SS - - - €245.95",122.98,7.4,28
"Seagate BarraCuda EcoGreen F3 1TB, 3.5 / SATA 3Gb/s - - - ST1000DM005 / HD103SJ - - - €123.05",123.05,6.2,29
"HGST Ultrastar 7K6000 4TB, SE, 24/7, 512e / 3.5 / SATA 6Gb/s - - - HUS726040ALE614 / 0F23025 - - - €499.75",124.94,7.1,29
"Seagate Constellation ES.2 2TB, 24/7, 3.5 / SAS 6Gb/s - - - ST32000645SS - - - €249.95",124.98,7.4,28
"HGST Ultrastar 7K6000 2TB, ISE, 24/7, 512n / 3.5 / SAS 12Gb/s - - - HUS726020ALS210 / 0F22943 - - - €249.95",124.98,7.7,29
"Seagate Constellation ES.2 2TB, 24/7, 3.5 / SATA 6Gb/s - - - ST32000645NS - - - €255.44",127.72,7.7,28
"Seagate BarraCuda 7200.12 1TB, 3.5 / SATA 6Gb/s - - - ST31000524AS - - - €129.11",129.11,5,25
"Western Digital WD Se 3TB, 24/7, 512e / 3.5 / SATA 6Gb/s - - - WD3000F9YZ - - - €388.8",129.6,8.1,31
"HGST Ultrastar 7K6000 2TB, ISE, 24/7, 512n / 3.5 / SATA 6Gb/s - - - HUS726020ALA610 / 0F23092 - - - €259.95",129.98,7.1,29
"Toshiba Mobile HDD MQ01-Series 1TB, 512e / 2.5 / SATA 3Gb/s - - - MQ01ABD100M - - - €132",132,0.55,23
"Toshiba Enterprise Capacity MG04ACA 1TB, 24/7, 512n / 3.5 / SATA 6Gb/s - - - MG04ACA100N - - - €133.68",133.68,6,31
"Seagate Constellation ES.3 1TB, 24/7, 3.5 / SAS 6Gb/s - - - ST1000NM0023 - - - €137.95",137.95,4.84,28
"Western Digital WD Green 1TB, 512e / 3.5 / SATA 6Gb/s - - - WD10EZRX - - - €139.95",139.95,2.5,21
"Western Digital WD Red Plus 1TB, 24/7, 512e / 2.5 / SATA 6Gb/s - - - WD10JFCX - - - €139.95",139.95,0.6,24
"Western Digital WD Se 2TB, 24/7, 512e / 3.5 / SATA 6Gb/s - - - WD2000F9YZ - - - €279.95",139.98,5.9,31
"Western Digital WD_BLACK Mobile 500GB, 512e / 2.5 / SATA 6Gb/s - - - WD5000LPSX - - - €71.57",143.14,0.85,24
"HGST Travelstar Z5K500 320GB, 512e / 2.5 / SATA 3Gb/s - - - 0J11283 / HTS545032A7E380 - - - €45.9",143.44,0.5,19
"Western Digital WD Re 2TB, 24/7, 512n / 3.5 / SATA 6Gb/s - - - WD2004FBYZ - - - €289.95",144.98,5.9,25
"HGST Ultrastar 7K4000 2TB, 24/7, 512n / 3.5 / SAS 6Gb/s - - - HUS724020ALS640 / 0B26887 - - - €289.95",144.98,6.5,29
"Seagate Exos E - 7E2000 2TB, 24/7, 512e / 2.5 / SATA 6Gb/s - - - ST2000NX0253 - - - €295",147.5,3.87,28
"Seagate Constellation CS 2TB, 24/7, 512e / 3.5 / SATA 6Gb/s - - - ST2000NC001 - - - €296.47",148.24,5.53,24
"Western Digital WD Red Pro 2TB, 24/7, 512e / 3.5 / SATA 6Gb/s - - - WD2001FFSX - - - €296.47",148.24,4.9,31
"Seagate IronWolf Pro NAS HDD +Rescue 4TB Bundle, 24/7, 512e / 3.5 / SATA 6Gb/s, 4er-Pack - - - ST4000NT001_X4 - - - €603.71",150.93,5.5,27
"HGST Travelstar Z5K500 500GB, 512e / 2.5 / SATA 6Gb/s - - - 0J11285 / HTS545050A7E380 - - - €80.2",160.4,0.5,19
"Seagate IronWolf NAS HDD +Rescue 4TB Bundle, 24/7, 512e / 3.5 / SATA 6Gb/s, 6er-Pack - - - ST4000VN006_X6 - - - €653.45",163.36,3.96,23
"Seagate Constellation ES.3 2TB, SED, 24/7, 3.5 / SATA 6Gb/s - - - ST2000NM0053 - - - €327.25",163.63,5.17,28
"Seagate Enterprise Performance 10K 1.2TB, 24/7, 512n / 2.5 / SAS 12Gb/s - - - ST1200MM0088 - - - €199",165.83,4.26,31
"Western Digital WD Red Plus 6TB Bundle, 24/7, 512e / 3.5 / SATA 6Gb/s, 6er-Pack - - - WD60EFPX_X6 - - - €1010.42",168.4,3.1,23
"Seagate Exos E - 7E2000 2TB, 24/7, 512e / 2.5 / SAS 12Gb/s - - - ST2000NX0273 - - - €337.95",168.98,3.53,28
"Seagate Exos E - 7E2000 1TB, 24/7, 512n / 2.5 / SATA 6Gb/s - - - ST1000NX0423 - - - €169.75",169.75,3.51,28
"Seagate Exos E - 7E2000 1TB, SED, 24/7, 512e / 2.5 / SAS 12Gb/s - - - ST1000NX0373 - - - €174.14",174.14,3.29,28
"HGST Ultrastar 7K6000 2TB, ISE, 24/7, 4Kn / 3.5 / SAS 12Gb/s - - - HUS726020AL4210 / 0F22798 - - - €349.75",174.88,7.7,29
"HGST Deskstar 5K1000 500GB, 24/7, 512e / 3.5 / SATA 3Gb/s - - - HDS5C1050CLA382 / 0F12955 - - - €87.95",175.9,2.9,24
"Seagate Exos E - 7E2000 2TB, 24/7, 512n / 2.5 / SAS 12Gb/s - - - ST2000NX0433 - - - €352.75",176.38,3.53,28
"Seagate Surveillance HDD 1TB, 24/7, 512e / 3.5 / SATA 6Gb/s - - - ST1000VX000 - - - €179.75",179.75,3.36,23
"Western Digital WD Red Plus 4TB Bundle, 24/7, 512e / 3.5 / SATA 6Gb/s, 6er-Pack - - - WD40EFPX_X6 - - - €720",180,3.1,23
"HGST Ultrastar C10K1200 1.2TB, 24/7, 2.5 / SAS 6Gb/s - - - HUC101212CSS600 / 0B25168 - - - €219.95",183.29,3.7,31
"Seagate Constellation ES.3 1TB, SED, 24/7, 3.5 / SATA 6Gb/s - - - ST1000NM0053 - - - €184.95",184.95,4.45,28
"Western Digital WD Blue 320GB, 512n / 3.5 / SATA 6Gb/s - - - WD3200AAKX - - - €59.22",185.06,5.6,29
"Toshiba Mobile HDD MQ01-Series 750GB, 512e / 2.5 / SATA 3Gb/s - - - MQ01ABD075 - - - €139.95",186.6,0.55,23
"Seagate Constellation ES 2TB, SED, 24/7, 3.5 / SAS 6Gb/s - - - ST2000NM0021 - - - €375.2",187.6,7.26,27
"Seagate Exos E - 7E2000 1TB, 24/7, 512e / 2.5 / SATA 6Gb/s - - - ST1000NX0313 - - - €187.75",187.75,3.51,28
"Seagate IronWolf NAS HDD +Rescue 2TB Bundle, 24/7, 512e / 3.5 / SATA 6Gb/s, 4er-Pack - - - ST2000VN003_X4 - - - €378.13",189.07,2.5,23
"Western Digital WD AV-GP 500GB, 24/7, 3.5 / SATA 3Gb/s - - - WD5000AVCS - - - €96.95",193.9,3.7,21
"Western Digital WD Re 1TB, 24/7, 512n / 3.5 / SATA 6Gb/s - - - WD1003FBYZ - - - €194.66",194.66,5.9,28
"Seagate Exos E - 7E2000 1TB, 24/7, 512n / 2.5 / SAS 12Gb/s - - - ST1000NX0453 - - - €194.95",194.95,3.29,28
"Western Digital WD Blue 250GB, 512n / 3.5 / SATA 6Gb/s - - - WD2500AAKX - - - €48.77",195.08,4.9,29
"Seagate Momentus XT SSHD 750GB, 512e / 2.5 / SATA 6Gb/s - - - ST750LX003 - - - €147.95",197.27,1.2,23
"Seagate Constellation ES.3 1TB, 24/7, 512n / 3.5 / SATA 6Gb/s - - - ST1000NM0033 - - - €199.95",199.95,4.45,28
"Seagate Exos E - 7E2000 2TB, SED, 24/7, 4Kn / 2.5 / SAS 12Gb/s - - - ST2000NX0323 - - - €410.29",205.15,3.53,28
"Western Digital WD_BLACK Mobile 750GB, 512e / 2.5 / SATA 6Gb/s - - - WD7500BPKX - - - €159.95",213.27,0.8,28
"Seagate Exos E - 7E2000 2TB, 24/7, 4Kn / 2.5 / SATA 6Gb/s - - - ST2000NX0243 - - - €427.75",213.88,3.87,28
"Seagate Constellation ES 1TB, 24/7, 3.5 / SAS 6Gb/s - - - ST31000424SS - - - €214.75",214.75,6,22
"Seagate Exos E - 7E2000 1TB, 24/7, 512e / 2.5 / SAS 12Gb/s - - - ST1000NX0333 - - - €215.75",215.75,3.29,28
"Seagate IronWolf NAS HDD +Rescue 4TB Bundle, 24/7, 512e / 3.5 / SATA 6Gb/s, 8er-Pack - - - ST4000VN006_X8 - - - €871.26",217.82,3.96,23
"HGST Ultrastar C10K1800 1.8TB, ISE, 24/7, 512e / 2.5 / SAS 12Gb/s - - - HUC101818CS4200 / 0B27978 - - - €399.95",222.19,5.7,34
"Seagate Enterprise Performance 10K 1.8TB, SED FIPS, 24/7, 512e / 2.5 / SAS 12Gb/s - - - ST1800MM0078 - - - €409.32",227.4,4.55,31
"HGST Ultrastar C10K1800 1.8TB, SE, 24/7, 512e / 2.5 / SAS 12Gb/s - - - HUC101818CS4204 / 0B31236 - - - €409.32",227.4,5.7,34
"Seagate Enterprise Performance 10K 900GB, 24/7, 512n / 2.5 / SAS 12Gb/s - - - ST900MM0168 - - - €205.12",227.91,3.88,31
"Seagate Constellation CS 1TB, ISE, 24/7, 512e / 3.5 / SATA 6Gb/s - - - ST1000NC000 - - - €235.69",235.69,5.53,22
"Western Digital WD Se 1TB, 24/7, 512e / 3.5 / SATA 6Gb/s - - - WD1002F9YZ - - - €235.9",235.9,4.6,30
"Seagate Enterprise Performance 10K.8 1.2TB, 24/7, 512e / 2.5 / SAS 12Gb/s - - - ST1200MM0018 - - - €289.75",241.46,4.55,31
"Western Digital WD AV-GP 1TB, 24/7, 512e / 3.5 / SATA 6Gb/s - - - WD10EUCX - - - €243.95",243.95,3.3,23
"Seagate Enterprise Performance 10K.8 900GB, 24/7, 512e / 2.5 / SAS 12Gb/s - - - ST900MM0018 - - - €219.95",244.39,4.55,31
"Seagate Enterprise Performance 10K 1.2TB, 24/7, 512n / 2.5 / SAS 6Gb/s - - - ST1200MM0017 - - - €299.95",249.96,4.6,34
"Seagate Enterprise Performance 10K.8 1.8TB, 24/7, 512e / 2.5 / SAS 12Gb/s - - - ST1800MM0018 - - - €449.95",249.97,4.55,31
"HGST Ultrastar C10K1800 600GB, 24/7, 512n / 2.5 / SAS 12Gb/s - - - HUC101860CSS200 / 0B28808 - - - €152.6",254.33,5.7,34
"Western Digital WD VelociRaptor 1TB, 24/7, 512e / 2.5 / SATA 6Gb/s - - - WD1000CHTZ - - - €256.41",256.41,4.2,30
"Toshiba Enterprise Performance 300GB, 24/7, 2.5 / SAS 6Gb/s - - - AL13SEB300 - - - €78.12",260.4,4.7,31
"Seagate Enterprise Performance 10K TurboBoost 1.8TB, 24/7, 512e / 2.5 / SAS 12Gb/s - - - ST1800MM0128 - - - €479.95",266.64,4.55,31
"HGST Ultrastar C10K1800 1.8TB, TCG, 24/7, 512e / 2.5 / SAS 12Gb/s - - - HUC101818CS4201 / 0B30881 - - - €499.95",277.75,5.7,34
"Seagate Exos E - 7E2000 1TB, SED, 24/7, 512e / 2.5 / SATA 6Gb/s - - - ST1000NX0353 - - - €279.95",279.95,3.51,28
"Seagate Constellation CS 1TB, 24/7, 512e / 3.5 / SATA 6Gb/s - - - ST1000NC001 - - - €287.19",287.19,5.53,22
"Western Digital WD_BLACK 500GB, 512e / 3.5 / SATA 6Gb/s - - - WD5003AZEX - - - €147.95",295.9,6.1,29
"HGST Ultrastar C10K1800 1.2TB, ISE, 24/7, 512e / 2.5 / SAS 12Gb/s - - - HUC101812CS4200 / 0B27977 - - - €359.75",299.79,5.7,34
"Seagate Enterprise Performance 10K 600GB, 24/7, 4Kn / 2.5 / SAS 12Gb/s - - - ST600MM0008 - - - €179.95",299.92,3.91,31
"Toshiba Enterprise Performance 900GB, 24/7, 2.5 / SAS 6Gb/s - - - AL13SEB900 - - - €269.95",299.94,4.7,31
"Seagate Enterprise Performance 10K 1.2TB, 24/7, 512n / 2.5 / SAS 6Gb/s - - - ST1200MM0007 - - - €369.75",308.13,4.6,34
"Seagate Exos E - 10E2400 600GB, 24/7, 512n / 2.5 / SAS 12Gb/s - - - ST600MM0208 - - - €189.95",316.58,3.44,31
"Seagate Enterprise Performance 10K 600GB, 24/7, 512n / 2.5 / SAS 12Gb/s - - - ST600MM0088 - - - €189.95",316.58,3.91,31
"Seagate Enterprise Performance 10K TurboBoost 600GB, 24/7, 512e / 2.5 / SAS 12Gb/s - - - ST600MM0158 - - - €189.95",316.58,3.91,31
"Toshiba Enterprise Performance 600GB, 24/7, 2.5 / SAS 6Gb/s - - - AL13SEB600 - - - €189.95",316.58,4.7,31
"Seagate Enterprise Performance 10K TurboBoost 1.8TB, 24/7, 4Kn / 2.5 / SAS 12Gb/s - - - ST1800MM0088 - - - €569.95",316.64,4.55,31
"HGST Ultrastar C10K1800 900GB, 24/7, 512n / 2.5 / SAS 12Gb/s - - - HUC101890CSS200 / 0B27976 - - - €287.95",319.94,5.7,34
"Seagate Enterprise Performance 10K TurboBoost 900GB, 24/7, 512e / 2.5 / SAS 12Gb/s - - - ST900MM0128 - - - €289.95",322.17,3.88,31
"Western Digital WD VelociRaptor 1TB, 24/7, 512e / 3.5 / SATA 6Gb/s - - - WD1000DHTZ - - - €336.43",336.43,4.2,30
"HGST Ultrastar A7K2000 500GB, 24/7, 512e / 3.5 / SATA 3Gb/s - - - HUA722050CLA330 / 0F11000 - - - €183.63",367.26,3.9,24
"HGST Ultrastar C10K1800 1.2TB, ISE, 24/7, 4Kn / 2.5 / SAS 12Gb/s - - - HUC101812CS4200 / 0B29920 - - - €451.99",376.66,5.7,34
"Western Digital WD VelociRaptor 500GB, 24/7, 512e / 3.5 / SATA 6Gb/s - - - WD5000HHTZ - - - €189.75",379.5,4.2,30
"Western Digital WD XE Enterprise 900GB, 2.5 / SAS 6Gb/s - - - WD9001BKHG - - - €349.95",388.83,5.3,30
"Western Digital WD VelociRaptor 600GB, 24/7, 2.5 / SATA 6Gb/s - - - WD6000BLHX - - - €235.69",392.82,4.3,30
"HGST Ultrastar C10K1800 600GB, ISE, 24/7, 512e / 2.5 / SAS 12Gb/s - - - HUC101860CS4200 / 0B27974 - - - €235.9",393.17,5.7,34
"HGST CinemaStar Z5K500 500GB, 24/7, 512e / 2.5 / SATA 3Gb/s - - - HCC545050A7E380 / 0J23375 - - - €201.59",403.18,0.5,19
"Western Digital WD VelociRaptor 600GB, 24/7, 3.5 / SATA 6Gb/s - - - WD6000HLHX - - - €245.95",409.92,4.3,30
"Western Digital WD XE Enterprise 450GB, 2.5 / SAS 6Gb/s - - - WD4501BKHG - - - €184.6",410.22,5.3,30
"Western Digital WD XE Enterprise 300GB, 2.5 / SAS 6Gb/s - - - WD3001BKHG - - - €126.95",423.17,5.3,30
"Western Digital WD Blue 320GB, 3.5 / IDE - - - WD3200AAJB - - - €154.95",484.22,4.9,29
"HGST Ultrastar C10K1800 300GB, 24/7, 512n / 2.5 / SAS 12Gb/s - - - HUC101830CSS200 / 0B28810 - - - €159.75",532.5,5.7,34
"Seagate Exos E - 10E2400 300GB, 24/7, 512n / 2.5 / SAS 12Gb/s - - - ST300MM0048 - - - €167.95",559.83,3.09,31
"Seagate Constellation ES 500GB, SED, 24/7, 3.5 / SAS 6Gb/s - - - ST3500415SS - - - €286.22",572.44,5.6,19
"Seagate Constellation ES 500GB, 24/7, 3.5 / SAS 6Gb/s - - - ST3500414SS - - - €296.47",592.94,5.6,19
"Western Digital WD VelociRaptor 300GB, 24/7, 2.5 / SATA 6Gb/s - - - WD3000HLHX - - - €193.89",646.3,4.3,30
"Western Digital WD Blue 80GB, 3.5 / IDE - - - WD800JB / WD800AAJB - - - €136.95","1,711.88",4.9,29
"Seagate BarraCuda 7200.7 40GB, 3.5 / SATA 3Gb/s - - - ST340014AS - - - €147.95","3,698.75",2.5,22